tenure,monthly_charges,contract,payment_method,internet_service,support_calls,num_products,autopay,senior_citizen,gender,partner,dependents,paperless_billing,tenure_bucket,high_monthly_flag,support_per_month,actual_churn,pred_proba_rf,pred_proba_lr,pred_rf,pred_lr,revenue_loss_estimate
3,80.03,One year,Electronic check,No,0,2,1,0,Female,0,0,1,0-3,0,0,0,0.15,0.147669612,0,0,36.0135
7,10.93,Month-to-month,Credit card,DSL,0,1,1,0,Male,0,0,1,07-Dec,0,0,0,0.02,0.036444532,0,0,0.6558
1,95.4,One year,Bank transfer,DSL,0,1,0,0,Female,1,0,1,0-3,1,0,0,0.31,0.422950218,0,0,88.722
31,73.28,Month-to-month,Credit card,DSL,0,1,1,0,Female,1,0,0,25-60,0,0,0,0.07,0.122591694,0,0,15.3888
5,94.56,Two year,Credit card,No,2,1,0,0,Male,0,0,1,04-Jun,1,0.4,1,0.28,0.433190288,0,0,79.4304
2,90.44,Month-to-month,Bank transfer,Fiber optic,1,1,1,0,Male,0,0,1,0-3,1,0.5,0,0.53,0.396929348,1,0,143.7996
1,98.54,One year,Credit card,DSL,0,1,1,0,Female,1,1,1,0-3,1,0,0,0.46,0.321102837,0,0,135.9852
3,61.94,Two year,Credit card,Fiber optic,2,2,0,0,Male,1,1,1,0-3,0,0.666666667,1,0.26,0.264179263,0,0,48.3132
21,70.9,Month-to-month,Electronic check,Fiber optic,2,1,0,0,Female,0,0,1,13-24,0,0.095238095,1,0.11,0.339955539,0,0,23.397
18,84,Month-to-month,Mailed check,No,2,2,1,0,Male,0,0,1,13-24,0,0.111111111,0,0.23,0.219411518,0,0,57.96
7,87.53,Two year,Bank transfer,DSL,0,2,1,0,Female,0,0,1,07-Dec,0,0,0,0.14,0.195439719,0,0,36.7626
30,47.43,Month-to-month,Electronic check,Fiber optic,0,1,1,0,Male,1,0,1,25-60,0,0,0,0.07,0.059327991,0,0,9.9603
2,86.57,Month-to-month,Credit card,Fiber optic,1,3,1,0,Male,1,1,1,0-3,0,0.5,0,0.25,0.370526659,0,0,64.9275
3,47.84,One year,Electronic check,No,0,2,1,0,Female,0,1,1,0-3,0,0,0,0.07,0.063815098,0,0,10.0464
1,68.84,Two year,Electronic check,DSL,1,1,1,0,Male,1,0,1,0-3,0,1,0,0.21,0.141554307,0,0,43.3692
18,108.03,Month-to-month,Mailed check,DSL,5,2,0,0,Female,1,1,1,13-24,1,0.277777778,1,0.68,0.746603738,1,1,220.3812
8,36.48,Month-to-month,Electronic check,DSL,0,1,1,1,Female,1,0,1,07-Dec,0,0,0,0.09,0.079420512,0,0,9.8496
5,76.99,Month-to-month,Credit card,Fiber optic,0,1,1,0,Female,1,1,1,04-Jun,0,0,1,0.33,0.279887783,0,0,76.2201
0,70.47,Month-to-month,Bank transfer,No,1,1,1,0,Female,1,0,0,0-3,0,1,0,0.44,0.198706375,0,0,93.0204
3,92.72,Month-to-month,Mailed check,DSL,1,2,0,0,Female,0,0,0,0-3,1,0.333333333,1,0.54,0.548465803,1,1,150.2064
6,83.9,Month-to-month,Bank transfer,Fiber optic,0,1,1,0,Male,0,0,1,04-Jun,0,0,0,0.26,0.244769955,0,0,65.442
27,81.69,Month-to-month,Mailed check,Fiber optic,0,2,1,0,Male,0,0,0,25-60,0,0,0,0.11,0.120667411,0,0,26.9577
3,71.38,Month-to-month,Electronic check,DSL,1,1,1,0,Male,1,0,1,0-3,0,0.333333333,0,0.09,0.234133386,0,0,19.2726
7,63.35,Two year,Electronic check,Fiber optic,2,1,1,0,Female,0,1,0,07-Dec,0,0.285714286,1,0.09,0.098032319,0,0,17.1045
0,71.41,Month-to-month,Mailed check,Fiber optic,2,2,1,0,Female,1,1,1,0-3,0,2,0,0.29,0.326283192,0,0,62.1267
26,123.54,Month-to-month,Mailed check,Fiber optic,1,1,1,0,Male,0,0,1,25-60,1,0.038461538,1,0.45,0.480878055,0,0,166.779
6,8.1,Two year,Credit card,Fiber optic,1,1,0,0,Male,1,1,0,04-Jun,0,0.166666667,0,0.08,0.032714225,0,0,1.944
6,62.92,Month-to-month,Bank transfer,DSL,0,1,0,0,Male,0,0,0,04-Jun,0,0,0,0.23,0.193888725,0,0,43.4148
26,62.76,Two year,Bank transfer,Fiber optic,1,1,1,0,Male,0,0,1,25-60,0,0.038461538,0,0.01,0.070826537,0,0,1.8828
1,100.75,Month-to-month,Mailed check,Fiber optic,0,3,1,0,Female,0,0,1,0-3,1,0,1,0.36,0.501260244,0,1,108.81
25,68.65,Two year,Mailed check,No,1,3,1,1,Male,1,0,1,25-60,0,0.04,0,0.05,0.072697112,0,0,10.2975
2,69.57,Month-to-month,Mailed check,Fiber optic,2,1,0,0,Male,0,0,1,0-3,0,1,0,0.32,0.413344362,0,0,66.7872
67,92.79,Month-to-month,Mailed check,No,0,3,0,1,Female,1,0,0,60+,1,0,0,0.51,0.182759201,1,0,141.9687
1,118.89,Two year,Mailed check,Fiber optic,0,1,0,0,Female,1,0,1,0-3,1,0,1,0.73,0.654856713,1,1,260.3691
9,34.78,Month-to-month,Bank transfer,Fiber optic,1,1,1,0,Female,0,0,0,07-Dec,0,0.111111111,0,0.03,0.062642328,0,0,3.1302
0,87.22,Month-to-month,Mailed check,DSL,2,2,0,0,Female,0,0,0,0-3,0,2,1,0.37,0.521758608,0,1,96.8142
13,119.05,Month-to-month,Mailed check,Fiber optic,0,1,1,0,Female,1,0,0,13-24,1,0,1,0.21,0.423840058,0,0,75.0015
6,80.81,Month-to-month,Mailed check,DSL,3,2,1,0,Male,1,0,0,04-Jun,0,0.5,0,0.54,0.229627899,1,0,130.9122
11,58.76,Month-to-month,Electronic check,Fiber optic,0,1,1,0,Male,0,0,1,07-Dec,0,0,0,0.16,0.111404052,0,0,28.2048
4,45.85,Two year,Credit card,DSL,1,2,1,0,Female,1,0,1,04-Jun,0,0.25,0,0.08,0.089291801,0,0,11.004
24,110.67,Month-to-month,Mailed check,No,1,1,0,0,Male,0,0,0,13-24,1,0.041666667,0,0.47,0.427155794,0,0,156.0447
58,67.63,Month-to-month,Electronic check,Fiber optic,0,3,0,0,Female,0,0,0,25-60,0,0,0,0.19,0.105385242,0,0,38.5491
7,117.95,Month-to-month,Electronic check,Fiber optic,1,2,0,0,Female,0,0,1,07-Dec,1,0.142857143,0,0.7,0.72876332,1,1,247.695
2,138.45,Two year,Mailed check,Fiber optic,2,1,0,1,Female,1,0,1,0-3,1,1,0,0.86,0.8174183,1,1,357.201
4,30.49,Month-to-month,Bank transfer,No,3,1,1,0,Male,1,0,0,04-Jun,0,0.75,0,0.16,0.056823585,0,0,14.6352
2,71.14,Month-to-month,Credit card,DSL,0,1,1,0,Female,1,0,1,0-3,0,0,0,0.3,0.286616009,0,0,64.026
8,55.07,Two year,Mailed check,Fiber optic,1,3,0,0,Male,0,1,1,07-Dec,0,0.125,0,0.07,0.140523132,0,0,11.5647
10,57.54,Two year,Bank transfer,Fiber optic,1,1,0,0,Female,1,1,1,07-Dec,0,0.1,0,0.15,0.174893921,0,0,25.893
69,13.51,One year,Bank transfer,No,2,1,1,0,Male,1,1,1,60+,0,0.028985507,0,0.03,0.005908717,0,0,1.2159
30,40.45,One year,Mailed check,Fiber optic,1,1,0,0,Male,0,0,1,25-60,0,0.033333333,0,0.06,0.051124679,0,0,7.281
26,63.25,One year,Credit card,Fiber optic,2,2,1,1,Female,0,1,0,25-60,0,0.076923077,0,0.15,0.067829693,0,0,28.4625
16,21.06,One year,Bank transfer,No,0,1,1,1,Female,0,0,1,13-24,0,0,0,0.23,0.018656974,0,0,14.5314
16,78.08,One year,Credit card,Fiber optic,0,1,0,0,Male,0,0,1,13-24,0,0,0,0.22,0.173507859,0,0,51.5328
0,40.76,Month-to-month,Bank transfer,Fiber optic,0,1,1,1,Male,0,1,1,0-3,0,0,1,0.47,0.112529946,0,0,57.4716
11,107.85,Month-to-month,Mailed check,No,2,3,0,0,Male,1,0,0,07-Dec,1,0.181818182,0,0.32,0.492360531,0,0,103.536
1,25.69,Month-to-month,Bank transfer,DSL,3,1,1,0,Female,0,1,0,0-3,0,3,0,0.1,0.090934763,0,0,7.707
30,110.21,Two year,Bank transfer,Fiber optic,4,2,1,0,Male,1,0,0,25-60,1,0.133333333,0,0.46,0.252527259,0,0,152.0898
23,35.29,Two year,Credit card,DSL,1,1,1,0,Male,0,0,0,13-24,0,0.043478261,0,0.03,0.025556004,0,0,3.1761
12,66.68,Month-to-month,Bank transfer,DSL,2,1,1,1,Male,0,1,1,07-Dec,0,0.166666667,0,0.08,0.185423353,0,0,16.0032
15,85.43,Month-to-month,Credit card,DSL,0,2,1,0,Male,0,0,0,13-24,0,0,0,0.2,0.176795966,0,0,51.258
0,103.12,Month-to-month,Credit card,DSL,0,2,1,0,Female,0,0,1,0-3,1,0,0,0.69,0.561343771,1,1,213.4584
25,67.06,Month-to-month,Mailed check,DSL,0,3,0,0,Female,0,0,0,25-60,0,0,0,0.18,0.191643173,0,0,36.2124
37,69.79,Month-to-month,Bank transfer,DSL,2,3,1,0,Female,0,0,1,25-60,0,0.054054054,0,0.15,0.163614873,0,0,31.4055
2,117.96,Two year,Mailed check,No,1,2,1,0,Female,0,1,1,0-3,1,0.5,0,0.36,0.49369039,0,0,127.3968
0,44.1,Two year,Mailed check,Fiber optic,1,1,0,0,Male,0,1,0,0-3,0,1,0,0.12,0.107268915,0,0,15.876
25,12.58,One year,Electronic check,Fiber optic,2,2,1,0,Male,0,0,0,25-60,0,0.08,0,0.02,0.010138594,0,0,0.7548
32,53.41,Month-to-month,Electronic check,Fiber optic,1,1,1,0,Female,0,0,0,25-60,0,0.03125,0,0.02,0.071655764,0,0,3.2046
3,50.75,One year,Bank transfer,DSL,1,1,0,0,Female,0,0,1,0-3,0,0.333333333,0,0.16,0.163064857,0,0,24.36
0,82.85,Month-to-month,Credit card,Fiber optic,1,1,0,0,Female,1,1,0,0-3,0,1,0,0.48,0.491513816,0,0,119.304
14,71.04,Two year,Electronic check,Fiber optic,1,1,1,0,Female,0,0,1,13-24,0,0.071428571,0,0.11,0.127997154,0,0,23.4432
7,102.16,Two year,Electronic check,Fiber optic,0,1,0,0,Male,0,0,1,07-Dec,1,0,0,0.38,0.390819628,0,0,116.4624
19,43.4,One year,Electronic check,Fiber optic,3,2,1,0,Male,1,0,0,13-24,0,0.157894737,1,0.03,0.029680507,0,0,3.906
14,52.32,Month-to-month,Electronic check,Fiber optic,1,3,1,1,Male,0,1,0,13-24,0,0.071428571,1,0.06,0.077856303,0,0,9.4176
10,29.9,Two year,Credit card,DSL,1,2,1,0,Male,1,0,0,07-Dec,0,0.1,0,0.01,0.026639462,0,0,0.897
6,39.75,Month-to-month,Bank transfer,DSL,2,1,1,0,Female,0,0,1,04-Jun,0,0.333333333,0,0.03,0.127881668,0,0,3.5775
0,97.46,Month-to-month,Electronic check,Fiber optic,0,2,1,0,Male,1,0,1,0-3,1,0,1,0.53,0.409287679,1,0,154.9614
15,91.1,Month-to-month,Electronic check,Fiber optic,1,1,1,0,Female,1,0,1,13-24,1,0.066666667,0,0.29,0.333827863,0,0,79.257
1,78.99,One year,Bank transfer,Fiber optic,0,1,1,0,Female,1,1,1,0-3,0,0,0,0.13,0.170362898,0,0,30.8061
1,65.65,Month-to-month,Bank transfer,DSL,1,1,1,0,Female,1,0,0,0-3,0,1,0,0.42,0.194267417,0,0,82.719
8,78.73,Two year,Credit card,DSL,0,3,1,0,Male,0,0,1,07-Dec,0,0,0,0.15,0.13887944,0,0,35.4285
12,94.32,Month-to-month,Electronic check,Fiber optic,5,1,0,0,Male,1,0,0,07-Dec,1,0.416666667,1,0.5,0.524471572,0,1,141.48
23,27.01,Month-to-month,Bank transfer,No,1,1,1,0,Female,1,0,1,13-24,0,0.043478261,0,0.05,0.046937584,0,0,4.0515
4,41.24,Month-to-month,Credit card,DSL,0,2,1,0,Female,0,1,1,04-Jun,0,0,1,0.19,0.123784445,0,0,23.5068
1,99.33,Month-to-month,Bank transfer,No,3,2,1,0,Female,0,0,1,0-3,1,3,1,0.6,0.554995701,1,1,178.794
1,73.79,Month-to-month,Mailed check,Fiber optic,2,2,0,0,Female,0,0,1,0-3,0,2,1,0.24,0.505338146,0,1,53.1288
19,94.47,One year,Bank transfer,Fiber optic,1,1,0,0,Female,0,0,1,13-24,1,0.052631579,0,0.4,0.320996894,0,0,113.364
10,58.3,Month-to-month,Mailed check,DSL,0,2,1,0,Female,0,0,0,07-Dec,0,0,0,0.15,0.102098734,0,0,26.235
13,62.87,Month-to-month,Bank transfer,DSL,0,3,0,0,Male,1,0,1,13-24,0,0,0,0.24,0.217581011,0,0,45.2664
0,114.67,Month-to-month,Electronic check,DSL,1,2,1,0,Female,1,0,0,0-3,1,1,0,0.65,0.540379596,1,1,223.6065
18,33.49,Month-to-month,Electronic check,No,1,1,1,0,Male,1,0,1,13-24,0,0.055555556,0,0.04,0.048182536,0,0,4.0188
2,125.48,One year,Electronic check,Fiber optic,0,2,0,0,Female,1,0,0,0-3,1,0,1,0.55,0.54323836,1,1,207.042
3,32.92,Month-to-month,Mailed check,DSL,0,1,0,0,Female,1,0,0,0-3,0,0,1,0.18,0.130288964,0,0,17.7768
39,58.21,One year,Mailed check,No,0,1,1,0,Male,1,1,0,25-60,0,0,0,0.08,0.019521866,0,0,13.9704
13,67.38,Month-to-month,Credit card,DSL,2,1,1,0,Female,1,0,0,13-24,0,0.153846154,0,0.06,0.176183971,0,0,12.1284
19,62.54,Month-to-month,Electronic check,No,0,3,0,1,Female,1,0,1,13-24,0,0,0,0.19,0.211468857,0,0,35.6478
27,34.63,Month-to-month,Bank transfer,DSL,1,1,1,0,Male,0,0,0,25-60,0,0.037037037,0,0.19,0.037899506,0,0,19.7391
30,43.1,Month-to-month,Mailed check,Fiber optic,3,1,0,1,Female,0,0,1,25-60,0,0.1,1,0.18,0.190210438,0,0,23.274
36,61.08,Month-to-month,Mailed check,DSL,2,1,0,0,Male,1,0,1,25-60,0,0.055555556,1,0.15,0.185621715,0,0,27.486
2,95.34,One year,Credit card,Fiber optic,0,1,1,1,Female,1,0,0,0-3,1,0,1,0.52,0.221776027,1,0,148.7304
8,89.95,Month-to-month,Credit card,No,2,1,1,0,Female,1,0,1,07-Dec,1,0.25,0,0.34,0.39054745,0,0,91.749
7,44.56,Month-to-month,Electronic check,DSL,0,2,1,0,Female,0,0,1,07-Dec,0,0,0,0.03,0.102635425,0,0,4.0104
1,55.38,Month-to-month,Mailed check,Fiber optic,0,2,1,0,Female,1,1,0,0-3,0,0,0,0.17,0.136618276,0,0,28.2438
9,44.61,Month-to-month,Bank transfer,Fiber optic,0,3,1,0,Male,0,1,0,07-Dec,0,0,0,0.15,0.059253787,0,0,20.0745
10,48.01,One year,Electronic check,Fiber optic,2,2,0,0,Male,1,0,1,07-Dec,0,0.2,0,0.17,0.093356988,0,0,24.4851
13,49.23,Two year,Mailed check,DSL,2,2,0,0,Female,1,1,1,13-24,0,0.153846154,0,0.11,0.154002242,0,0,16.2459
6,59.52,Month-to-month,Bank transfer,No,1,2,1,1,Male,1,0,0,04-Jun,0,0.166666667,0,0.13,0.096457703,0,0,23.2128
3,90.86,Month-to-month,Credit card,DSL,1,3,0,0,Male,1,0,1,0-3,1,0.333333333,0,0.51,0.588966133,1,1,139.0158
26,27.84,Month-to-month,Credit card,DSL,0,1,1,0,Male,0,0,1,25-60,0,0,0,0.07,0.044272616,0,0,5.8464
6,119.91,Month-to-month,Bank transfer,No,1,3,0,0,Male,0,0,1,04-Jun,1,0.166666667,1,0.65,0.684515954,1,1,233.8245
9,64.46,Two year,Credit card,Fiber optic,2,1,0,0,Female,0,0,0,07-Dec,0,0.222222222,0,0.16,0.194929195,0,0,30.9408
14,70.79,Month-to-month,Bank transfer,Fiber optic,6,1,1,1,Female,1,1,0,13-24,0,0.428571429,0,0.32,0.277638814,0,0,67.9584
12,60.75,Month-to-month,Credit card,Fiber optic,2,1,0,0,Female,0,0,1,07-Dec,0,0.166666667,0,0.31,0.34127743,0,0,56.4975
2,64.56,Two year,Bank transfer,DSL,1,1,0,0,Female,0,0,1,0-3,0,0.5,0,0.2,0.281873898,0,0,38.736
9,31.46,One year,Mailed check,Fiber optic,0,2,1,0,Female,0,0,1,07-Dec,0,0,0,0.02,0.031162859,0,0,1.8876
11,54.72,Month-to-month,Credit card,Fiber optic,0,2,1,0,Female,1,0,1,07-Dec,0,0,0,0.15,0.136990659,0,0,24.624
7,92.64,One year,Mailed check,Fiber optic,3,1,0,0,Female,0,0,0,07-Dec,1,0.428571429,0,0.55,0.336527043,1,0,152.856
14,5,Month-to-month,Electronic check,Fiber optic,0,1,1,0,Female,0,0,1,13-24,0,0,0,0.11,0.029766546,0,0,1.65
7,13.3,Month-to-month,Electronic check,DSL,2,3,0,0,Female,1,0,0,07-Dec,0,0.285714286,1,0.17,0.073309206,0,0,6.783
4,86.49,Month-to-month,Bank transfer,Fiber optic,0,1,0,1,Female,1,0,0,04-Jun,0,0,0,0.3,0.389164806,0,0,77.841
17,64.17,One year,Mailed check,DSL,1,2,0,0,Female,1,1,1,13-24,0,0.058823529,1,0.08,0.148177404,0,0,15.4008
2,80.67,Month-to-month,Mailed check,DSL,1,2,0,0,Female,1,1,1,0-3,0,0.5,0,0.37,0.524581157,0,1,89.5437
6,62.31,Month-to-month,Mailed check,Fiber optic,0,1,0,0,Female,0,0,0,04-Jun,0,0,1,0.12,0.227870196,0,0,22.4316
5,82.49,Two year,Electronic check,No,1,2,1,0,Male,0,0,1,04-Jun,0,0.2,0,0.07,0.149841786,0,0,17.3229
3,18.06,Two year,Credit card,Fiber optic,2,1,1,0,Male,1,0,0,0-3,0,0.666666667,0,0.08,0.030999959,0,0,4.3344
10,105.72,Month-to-month,Mailed check,Fiber optic,2,1,0,0,Female,0,1,1,07-Dec,1,0.2,0,0.65,0.679028726,1,1,206.154
34,138.17,Month-to-month,Mailed check,Fiber optic,3,1,1,1,Male,0,0,0,25-60,1,0.088235294,1,0.3,0.534795258,0,1,124.353
1,60.54,Two year,Credit card,DSL,1,1,1,0,Male,1,0,0,0-3,0,1,0,0.08,0.093884635,0,0,14.5296
9,76.77,Month-to-month,Mailed check,Fiber optic,0,1,1,0,Male,1,0,0,07-Dec,0,0,0,0.19,0.131642486,0,0,43.7589
6,34.73,One year,Credit card,No,3,1,0,0,Female,0,1,0,04-Jun,0,0.5,0,0.19,0.082150859,0,0,19.7961
0,95.13,Month-to-month,Electronic check,No,3,3,0,0,Female,1,0,0,0-3,1,3,1,0.45,0.592843081,0,1,128.4255
0,36.93,Two year,Mailed check,No,3,1,0,0,Male,1,1,0,0-3,0,3,0,0.3,0.094670568,0,0,33.237
0,56.79,Two year,Electronic check,No,3,1,0,0,Female,1,0,0,0-3,0,3,0,0.27,0.188410165,0,0,45.9999
7,129.62,Month-to-month,Electronic check,No,1,1,1,0,Female,1,0,0,07-Dec,1,0.142857143,0,0.46,0.527446963,0,1,178.8756
25,128.05,One year,Mailed check,No,2,1,1,0,Female,1,1,1,25-60,1,0.08,0,0.34,0.378083255,0,0,130.611
13,45.44,One year,Mailed check,No,0,1,0,0,Female,0,0,0,13-24,0,0,0,0.1,0.053435645,0,0,13.632
44,88.09,Month-to-month,Electronic check,DSL,1,1,1,0,Female,0,0,1,25-60,0,0.022727273,0,0.26,0.198006272,0,0,68.7102
0,93.38,Month-to-month,Electronic check,No,1,1,0,0,Male,1,0,1,0-3,1,1,0,0.63,0.549171229,1,1,176.4882
5,135.1,One year,Bank transfer,DSL,1,1,0,0,Male,0,0,1,04-Jun,1,0.2,1,0.38,0.636033518,0,1,154.014
3,85.17,Month-to-month,Bank transfer,No,2,2,1,0,Male,0,1,1,0-3,0,0.666666667,1,0.4,0.339095194,0,0,102.204
42,17.59,Month-to-month,Credit card,No,0,1,1,0,Male,0,0,0,25-60,0,0,0,0.04,0.014414012,0,0,2.1108
0,92.33,Two year,Mailed check,DSL,1,1,0,0,Female,1,0,0,0-3,1,1,0,0.65,0.407449238,1,0,180.0435
63,50.23,Month-to-month,Bank transfer,No,1,1,1,0,Male,0,0,1,60+,0,0.015873016,0,0.11,0.039164518,0,0,16.5759
3,62.1,One year,Credit card,Fiber optic,4,2,1,0,Male,0,0,0,0-3,0,1.333333333,1,0.09,0.112326134,0,0,16.767
18,83.61,One year,Credit card,Fiber optic,0,1,0,0,Female,0,0,1,13-24,0,0,1,0.34,0.233164992,0,0,85.2822
11,77.16,One year,Electronic check,Fiber optic,3,2,1,0,Male,1,0,0,07-Dec,0,0.272727273,0,0.14,0.088495888,0,0,32.4072
15,72.31,One year,Credit card,No,2,2,1,0,Male,0,0,1,13-24,0,0.133333333,0,0.14,0.095175264,0,0,30.3702
6,91.65,Month-to-month,Credit card,DSL,3,1,1,0,Female,0,0,1,04-Jun,1,0.5,0,0.52,0.506336878,1,1,142.974
34,16.18,Month-to-month,Electronic check,Fiber optic,0,1,0,0,Female,0,0,1,25-60,0,0,0,0.08,0.05674793,0,0,3.8832
13,89.22,Month-to-month,Bank transfer,Fiber optic,2,1,1,0,Female,1,0,1,13-24,0,0.153846154,0,0.27,0.34329493,0,0,72.2682
9,22.69,One year,Credit card,No,0,1,1,1,Female,1,0,0,07-Dec,0,0,0,0.03,0.016703443,0,0,2.0421
8,29.48,One year,Bank transfer,Fiber optic,1,1,1,0,Female,1,1,1,07-Dec,0,0.125,0,0,0.035041693,0,0,0
10,124.62,Month-to-month,Electronic check,Fiber optic,0,1,1,0,Female,1,0,0,07-Dec,1,0,1,0.38,0.471269045,0,0,142.0668
58,127.7,One year,Credit card,Fiber optic,1,2,0,0,Female,1,0,1,25-60,1,0.017241379,0,0.32,0.395619357,0,0,122.592
3,81.38,One year,Mailed check,Fiber optic,3,2,1,0,Male,1,0,0,0-3,0,1,0,0.2,0.141184407,0,0,48.828
17,92.53,One year,Electronic check,Fiber optic,2,1,0,0,Female,0,0,1,13-24,1,0.117647059,0,0.46,0.34344518,0,0,127.6914
0,103.18,One year,Mailed check,No,2,3,1,0,Female,0,1,1,0-3,1,2,0,0.51,0.358253256,1,0,157.8654
44,95.64,Month-to-month,Bank transfer,No,3,1,0,0,Male,1,0,0,25-60,1,0.068181818,0,0.27,0.302787841,0,0,77.4684
25,37.24,Two year,Bank transfer,Fiber optic,2,3,0,0,Male,0,1,0,25-60,0,0.08,1,0.08,0.056544815,0,0,8.9376
19,79.7,One year,Mailed check,Fiber optic,0,2,1,0,Female,1,0,1,13-24,0,0,0,0.14,0.099277772,0,0,33.474
5,108.88,Month-to-month,Bank transfer,DSL,0,2,1,0,Male,1,0,1,04-Jun,1,0,0,0.27,0.432391647,0,0,88.1928
5,121.94,Two year,Credit card,Fiber optic,2,3,0,0,Female,1,0,1,04-Jun,1,0.4,1,0.53,0.709510305,1,1,193.8846
5,72.58,Two year,Bank transfer,Fiber optic,1,1,0,0,Male,1,1,0,04-Jun,0,0.2,1,0.15,0.175394949,0,0,32.661
2,126.13,Month-to-month,Mailed check,DSL,1,1,1,0,Female,0,0,1,0-3,1,0.5,0,0.69,0.709343092,1,1,261.0891
0,68.13,Month-to-month,Electronic check,Fiber optic,1,1,1,0,Female,0,0,1,0-3,0,1,1,0.21,0.277914072,0,0,42.9219
19,73.34,One year,Bank transfer,No,0,1,1,0,Male,1,1,1,13-24,0,0,0,0.08,0.061810822,0,0,17.6016
0,51.75,One year,Mailed check,Fiber optic,2,1,1,1,Male,0,0,1,0-3,0,2,0,0.05,0.085061546,0,0,7.7625
24,71.02,Month-to-month,Mailed check,Fiber optic,3,2,1,0,Male,1,1,1,13-24,0,0.125,0,0.26,0.180699699,0,0,55.3956
0,93.71,Month-to-month,Mailed check,No,0,1,0,0,Female,1,1,1,0-3,1,0,0,0.49,0.593037784,0,1,137.7537
16,46.85,One year,Bank transfer,Fiber optic,1,1,1,0,Male,0,0,0,13-24,0,0.0625,0,0.01,0.028146049,0,0,1.4055
13,93.46,Two year,Electronic check,Fiber optic,1,1,1,0,Male,0,1,1,13-24,1,0.076923077,0,0.29,0.211382719,0,0,81.3102
25,98.38,Month-to-month,Electronic check,No,1,2,0,0,Male,0,1,1,25-60,1,0.04,0,0.71,0.443742899,1,0,209.5494
12,93.49,One year,Bank transfer,DSL,2,1,1,0,Male,1,0,1,07-Dec,1,0.166666667,0,0.18,0.184048852,0,0,50.4846
7,41,One year,Credit card,Fiber optic,2,2,1,0,Female,0,1,1,07-Dec,0,0.285714286,0,0.03,0.066433391,0,0,3.69
17,99.21,Two year,Bank transfer,Fiber optic,1,1,0,0,Male,1,0,1,13-24,1,0.058823529,1,0.25,0.358347214,0,0,74.4075
2,80.27,One year,Electronic check,DSL,1,1,0,1,Male,0,0,1,0-3,0,0.5,0,0.33,0.272520096,0,0,79.4673
36,88.51,Month-to-month,Bank transfer,Fiber optic,1,2,0,0,Female,1,1,1,25-60,0,0.027777778,0,0.36,0.376463727,0,0,95.5908
11,48.28,Month-to-month,Credit card,Fiber optic,1,1,0,0,Female,0,0,1,07-Dec,0,0.090909091,0,0.32,0.239326049,0,0,46.3488
2,83.33,Month-to-month,Electronic check,DSL,0,2,1,0,Male,0,0,1,0-3,0,0,1,0.18,0.288051381,0,0,44.9982
6,66.25,Two year,Bank transfer,DSL,0,1,1,1,Female,1,1,1,04-Jun,0,0,1,0.28,0.123864799,0,0,55.65
1,52.49,Month-to-month,Mailed check,Fiber optic,1,2,0,0,Female,1,1,1,0-3,0,1,1,0.26,0.321598232,0,0,40.9422
24,76.5,One year,Bank transfer,DSL,0,2,1,0,Female,0,0,1,13-24,0,0,0,0.3,0.087423797,0,0,68.85
8,52.4,Two year,Credit card,Fiber optic,3,2,0,0,Male,1,0,0,07-Dec,0,0.375,0,0.24,0.129620863,0,0,37.728
12,92.27,Month-to-month,Mailed check,Fiber optic,2,2,0,0,Male,1,1,0,07-Dec,1,0.166666667,0,0.29,0.413290581,0,0,80.2749
17,60.94,Month-to-month,Bank transfer,Fiber optic,1,2,1,0,Female,0,0,0,13-24,0,0.058823529,0,0.05,0.113246548,0,0,9.141
1,26.69,Month-to-month,Electronic check,No,3,3,0,0,Female,1,1,1,0-3,0,3,0,0.33,0.194801592,0,0,26.4231
5,45.45,Month-to-month,Mailed check,No,0,1,0,0,Female,0,1,1,04-Jun,0,0,1,0.25,0.192154585,0,0,34.0875
1,45.72,One year,Mailed check,Fiber optic,2,1,1,0,Male,0,1,0,0-3,0,2,0,0.03,0.05078774,0,0,4.1148
18,119.3,Month-to-month,Electronic check,Fiber optic,1,1,1,1,Male,1,0,0,13-24,1,0.055555556,1,0.47,0.37827017,0,0,168.213
26,74.44,Month-to-month,Bank transfer,Fiber optic,1,1,0,0,Male,0,0,0,25-60,0,0.038461538,0,0.16,0.209859851,0,0,35.7312
38,85.58,Two year,Credit card,Fiber optic,1,1,1,1,Male,1,1,1,25-60,0,0.026315789,0,0.11,0.119390144,0,0,28.2414
0,68.86,Two year,Electronic check,Fiber optic,1,1,1,0,Male,0,1,1,0-3,0,1,0,0.11,0.153059743,0,0,22.7238
2,91.87,One year,Electronic check,Fiber optic,1,1,1,0,Male,0,0,1,0-3,1,0.5,0,0.38,0.224793328,0,0,104.7318
3,121.58,Two year,Mailed check,No,0,1,1,0,Female,1,0,0,0-3,1,0,1,0.54,0.374413803,1,0,196.9596
12,35.47,Month-to-month,Bank transfer,Fiber optic,2,3,0,0,Female,1,0,1,07-Dec,0,0.166666667,0,0.15,0.170075986,0,0,15.9615
1,38.07,Two year,Mailed check,DSL,3,1,0,0,Male,1,0,1,0-3,0,3,0,0.37,0.144648505,0,0,42.2577
0,73.93,Month-to-month,Mailed check,DSL,3,1,0,1,Male,1,0,0,0-3,0,3,1,0.34,0.388696069,0,0,75.4086
25,81.62,Month-to-month,Electronic check,DSL,3,1,1,0,Male,1,0,1,25-60,0,0.12,0,0.27,0.233982833,0,0,66.1122
14,141.76,Month-to-month,Bank transfer,Fiber optic,0,1,1,0,Female,1,1,1,13-24,1,0,1,0.62,0.684902409,1,1,263.6736
15,21.06,Month-to-month,Credit card,DSL,1,1,1,0,Male,0,0,0,13-24,0,0.066666667,0,0.02,0.034497347,0,0,1.2636
4,58.43,Two year,Electronic check,DSL,2,2,0,0,Female,0,0,0,04-Jun,0,0.5,0,0.38,0.169696335,0,0,66.6102
0,83.08,Month-to-month,Bank transfer,No,2,1,1,0,Male,0,0,0,0-3,0,2,0,0.15,0.250169789,0,0,37.386
0,27.31,Two year,Electronic check,No,1,2,0,0,Male,0,0,0,0-3,0,1,0,0.18,0.057034803,0,0,14.7474
22,52.46,Two year,Bank transfer,DSL,2,1,0,0,Male,1,0,0,13-24,0,0.090909091,0,0.04,0.081145709,0,0,6.2952
14,57.07,Month-to-month,Credit card,DSL,3,1,1,0,Female,1,0,0,13-24,0,0.214285714,0,0.1,0.15063515,0,0,17.121
2,29.03,Month-to-month,Electronic check,Fiber optic,0,1,1,0,Male,1,1,1,0-3,0,0,1,0.11,0.072586259,0,0,9.5799
4,130.68,One year,Mailed check,Fiber optic,1,1,1,1,Female,1,1,1,04-Jun,1,0.25,1,0.47,0.498133715,0,0,184.2588
3,86.6,One year,Credit card,DSL,3,1,1,0,Female,1,0,1,0-3,0,1,0,0.34,0.291780626,0,0,88.332
46,56.54,One year,Credit card,Fiber optic,1,1,0,0,Female,0,1,1,25-60,0,0.02173913,0,0.11,0.087006363,0,0,18.6582
6,109.61,Two year,Credit card,Fiber optic,2,2,0,0,Female,0,0,0,04-Jun,1,0.333333333,0,0.42,0.543827542,0,1,138.1086
1,49.41,One year,Credit card,Fiber optic,2,1,0,1,Male,0,0,0,0-3,0,2,0,0.15,0.119418321,0,0,22.2345
42,124.22,One year,Mailed check,No,2,3,0,0,Female,0,0,1,25-60,1,0.047619048,0,0.49,0.430501247,0,0,182.6034
8,65.79,Month-to-month,Credit card,No,2,1,0,0,Male,1,0,0,07-Dec,0,0.25,0,0.28,0.230347221,0,0,55.2636
2,97.97,Month-to-month,Electronic check,Fiber optic,1,1,1,0,Male,0,0,1,0-3,1,0.5,1,0.72,0.445535613,1,0,211.6152
8,108.51,One year,Credit card,DSL,4,1,0,0,Female,0,1,0,07-Dec,1,0.5,0,0.63,0.526762412,1,1,205.0839
15,66.13,Two year,Credit card,DSL,1,2,1,0,Female,1,1,1,13-24,0,0.066666667,1,0.05,0.126385637,0,0,9.9195
18,55.35,Month-to-month,Bank transfer,Fiber optic,2,1,1,0,Male,1,0,0,13-24,0,0.111111111,1,0.12,0.084186758,0,0,19.926
6,84.52,Month-to-month,Credit card,No,0,2,0,0,Female,1,0,1,04-Jun,0,0,0,0.29,0.446236845,0,0,73.5324
2,74.16,Month-to-month,Bank transfer,No,3,1,1,0,Female,0,0,1,0-3,0,1.5,0,0.44,0.34535956,0,0,97.8912
1,63.96,Month-to-month,Mailed check,Fiber optic,2,3,0,0,Male,1,0,1,0-3,0,2,0,0.3,0.363242156,0,0,57.564
12,66.9,Two year,Mailed check,Fiber optic,2,3,1,0,Female,0,1,0,07-Dec,0,0.166666667,0,0.02,0.099007633,0,0,4.014
6,101.06,One year,Bank transfer,No,0,1,1,0,Female,0,0,0,04-Jun,1,0,0,0.16,0.170454426,0,0,48.5088
22,57.27,One year,Bank transfer,DSL,1,2,1,1,Female,0,1,1,13-24,0,0.045454545,0,0.15,0.064157272,0,0,25.7715
7,5,Month-to-month,Bank transfer,DSL,2,1,1,1,Male,0,0,1,07-Dec,0,0.285714286,0,0.03,0.036551251,0,0,0.45
14,86.95,Month-to-month,Credit card,DSL,1,1,1,0,Male,1,0,1,13-24,0,0.071428571,0,0.25,0.269289644,0,0,65.2125
12,105.75,Two year,Credit card,Fiber optic,1,1,1,0,Female,1,1,0,07-Dec,1,0.083333333,0,0.37,0.276493499,0,0,117.3825
16,102.76,Month-to-month,Bank transfer,Fiber optic,0,1,0,0,Male,1,1,1,13-24,1,0,1,0.52,0.501658805,1,1,160.3056
19,35.39,Month-to-month,Bank transfer,DSL,2,2,0,0,Male,1,0,1,13-24,0,0.105263158,0,0.02,0.125189255,0,0,2.1234
10,98.74,Month-to-month,Mailed check,No,1,1,1,0,Male,0,0,1,07-Dec,1,0.1,0,0.32,0.328678447,0,0,94.7904
11,37.68,Two year,Credit card,Fiber optic,3,1,0,0,Female,1,0,0,07-Dec,0,0.272727273,0,0.21,0.103245825,0,0,23.7384
6,13.6,Two year,Bank transfer,DSL,1,1,1,0,Male,1,0,1,04-Jun,0,0.166666667,0,0.1,0.024035674,0,0,4.08
1,49.62,One year,Bank transfer,Fiber optic,0,2,0,0,Male,1,0,1,0-3,0,0,0,0.06,0.113194689,0,0,8.9316
9,96.29,Month-to-month,Electronic check,Fiber optic,1,1,0,0,Male,1,1,1,07-Dec,1,0.111111111,0,0.47,0.511767766,0,1,135.7689
0,52.71,Two year,Mailed check,No,1,2,1,0,Female,0,0,0,0-3,0,1,0,0.08,0.07743715,0,0,12.6504
6,80.02,Two year,Credit card,Fiber optic,0,2,0,0,Female,0,0,0,04-Jun,0,0,1,0.25,0.246895945,0,0,60.015
4,67.78,Month-to-month,Mailed check,DSL,1,1,1,0,Male,0,0,0,04-Jun,0,0.25,0,0.12,0.141032096,0,0,24.4008
13,106.54,One year,Bank transfer,DSL,1,3,1,0,Female,1,0,1,13-24,1,0.076923077,1,0.29,0.271289551,0,0,92.6898
1,92.5,Month-to-month,Credit card,No,1,1,0,0,Female,0,1,1,0-3,1,1,1,0.61,0.651003388,1,1,169.275
12,90.94,Month-to-month,Electronic check,Fiber optic,2,1,1,0,Male,0,0,1,07-Dec,1,0.166666667,0,0.33,0.326286116,0,0,90.0306
0,82.55,Month-to-month,Electronic check,No,1,1,1,0,Male,1,0,0,0-3,0,1,0,0.23,0.213484987,0,0,56.9595
8,82.29,Month-to-month,Mailed check,No,1,1,0,0,Female,1,0,1,07-Dec,0,0.125,1,0.59,0.405770113,1,0,145.6533
5,94.42,Two year,Bank transfer,No,0,1,1,0,Male,1,1,0,04-Jun,1,0,1,0.23,0.148968939,0,0,65.1498
1,90.71,Month-to-month,Mailed check,No,0,1,1,0,Male,1,1,0,0-3,1,0,1,0.34,0.260852603,0,0,92.5242
4,38.35,Month-to-month,Bank transfer,No,1,3,0,0,Female,0,0,0,04-Jun,0,0.25,0,0.09,0.132750303,0,0,10.3545
24,63.53,Two year,Electronic check,Fiber optic,1,1,1,0,Female,1,0,1,13-24,0,0.041666667,0,0.07,0.083511034,0,0,13.3413
12,68.26,One year,Mailed check,DSL,1,1,0,0,Female,1,1,0,07-Dec,0,0.083333333,0,0.19,0.128474098,0,0,38.9082
4,91.72,Two year,Credit card,No,1,1,1,0,Female,1,1,1,04-Jun,1,0.25,0,0.35,0.283838667,0,0,96.306
4,43.65,Month-to-month,Mailed check,Fiber optic,1,1,1,0,Male,1,1,1,04-Jun,0,0.25,0,0.07,0.101964401,0,0,9.1665
12,32.26,Month-to-month,Credit card,DSL,2,3,1,0,Male,0,1,1,07-Dec,0,0.166666667,0,0.06,0.081988566,0,0,5.8068
33,51.86,Two year,Mailed check,DSL,2,2,0,0,Female,0,0,0,25-60,0,0.060606061,0,0.07,0.08755145,0,0,10.8906
15,60.93,Month-to-month,Bank transfer,DSL,2,3,1,0,Female,0,1,1,13-24,0,0.133333333,0,0.09,0.187940005,0,0,16.4511
0,100.81,One year,Credit card,Fiber optic,1,1,0,0,Female,1,1,1,0-3,1,1,1,0.44,0.538134267,0,1,133.0692
2,96.17,Two year,Electronic check,Fiber optic,1,2,0,0,Female,0,0,1,0-3,1,0.5,1,0.63,0.524310484,1,1,181.7613
15,87.32,Month-to-month,Mailed check,DSL,1,2,1,0,Male,0,1,1,13-24,0,0.066666667,1,0.28,0.254439518,0,0,73.3488
6,108.52,Month-to-month,Mailed check,DSL,2,1,1,0,Female,1,0,0,04-Jun,1,0.333333333,0,0.45,0.461221038,0,0,146.502
15,75.82,Two year,Credit card,No,0,1,1,0,Male,1,0,1,13-24,0,0,0,0.08,0.099197937,0,0,18.1968
1,14.26,Month-to-month,Mailed check,Fiber optic,1,1,0,0,Female,1,0,1,0-3,0,1,0,0.26,0.126315184,0,0,11.1228
3,78.86,One year,Credit card,DSL,2,1,0,0,Male,0,1,1,0-3,0,0.666666667,1,0.51,0.32410083,1,0,120.6558
24,80.92,Two year,Credit card,No,2,1,1,0,Female,1,1,0,13-24,0,0.083333333,0,0.03,0.115434126,0,0,7.2828
10,5,One year,Credit card,Fiber optic,0,1,0,0,Female,0,0,0,07-Dec,0,0,0,0.07,0.022210239,0,0,1.05
9,68.12,One year,Electronic check,Fiber optic,3,2,0,0,Male,1,0,1,07-Dec,0,0.333333333,0,0.3,0.181951389,0,0,61.308
38,51.47,Month-to-month,Electronic check,DSL,1,2,1,0,Female,1,0,1,25-60,0,0.026315789,0,0.08,0.082030784,0,0,12.3528
0,85.09,Month-to-month,Mailed check,DSL,0,2,0,0,Female,0,0,0,0-3,0,0,0,0.31,0.443913646,0,0,79.1337
12,44.48,Month-to-month,Electronic check,Fiber optic,0,1,0,0,Female,0,1,1,07-Dec,0,0,0,0.22,0.174985221,0,0,29.3568
1,72.53,Month-to-month,Bank transfer,DSL,0,1,0,0,Male,1,0,0,0-3,0,0,0,0.17,0.290766676,0,0,36.9903
3,105.73,One year,Bank transfer,DSL,3,1,0,0,Male,0,0,0,0-3,1,1,0,0.38,0.450302,0,0,120.5322
3,35.4,Two year,Credit card,Fiber optic,2,2,1,0,Male,0,1,0,0-3,0,0.666666667,0,0.03,0.054930102,0,0,3.186
4,74.8,Month-to-month,Electronic check,DSL,1,1,1,0,Female,1,0,0,04-Jun,0,0.25,0,0.23,0.198129829,0,0,51.612
20,74.21,Month-to-month,Electronic check,Fiber optic,1,1,1,0,Male,0,1,1,13-24,0,0.05,1,0.29,0.169278001,0,0,64.5627
26,98.73,One year,Bank transfer,Fiber optic,0,1,1,0,Male,0,0,0,25-60,1,0,0,0.28,0.103996691,0,0,82.9332
5,103.73,Two year,Bank transfer,DSL,1,1,1,0,Female,1,0,1,04-Jun,1,0.2,1,0.22,0.352791652,0,0,68.4618
8,57.13,Month-to-month,Electronic check,Fiber optic,1,2,0,0,Female,1,0,0,07-Dec,0,0.125,0,0.31,0.200217307,0,0,53.1309
1,65.27,Two year,Credit card,Fiber optic,2,2,0,0,Female,0,1,0,0-3,0,2,0,0.33,0.270571668,0,0,64.6173
6,95.45,Two year,Mailed check,DSL,3,1,1,0,Male,1,1,1,04-Jun,1,0.5,1,0.38,0.306057788,0,0,108.813
8,82.59,One year,Electronic check,Fiber optic,2,1,1,0,Male,0,1,0,07-Dec,0,0.25,0,0.07,0.102191824,0,0,17.3439
19,62.27,Month-to-month,Mailed check,Fiber optic,1,2,1,0,Male,0,0,0,13-24,0,0.052631579,0,0.19,0.089176985,0,0,35.4939
0,48.59,Month-to-month,Credit card,DSL,1,2,1,0,Female,0,0,1,0-3,0,1,0,0.08,0.199880064,0,0,11.6616
8,54.26,Month-to-month,Credit card,Fiber optic,0,2,0,1,Male,1,0,1,07-Dec,0,0,0,0.13,0.210374466,0,0,21.1614
5,99.91,Month-to-month,Mailed check,Fiber optic,3,2,1,0,Male,1,1,0,04-Jun,1,0.6,0,0.39,0.384573004,0,0,116.8947
1,20.82,One year,Credit card,No,0,1,1,0,Male,0,0,1,0-3,0,0,0,0.02,0.026915055,0,0,1.2492
28,128.36,Month-to-month,Credit card,Fiber optic,2,2,0,0,Female,0,0,1,25-60,1,0.071428571,1,0.63,0.777640028,1,1,242.6004
8,102.46,Two year,Electronic check,DSL,1,1,1,1,Female,0,0,1,07-Dec,1,0.125,0,0.3,0.324313635,0,0,92.214
21,77.93,One year,Credit card,No,0,3,0,1,Male,1,1,1,13-24,0,0,1,0.24,0.143323417,0,0,56.1096
3,90.15,Month-to-month,Bank transfer,No,8,1,1,0,Female,0,0,1,0-3,1,2.666666667,0,0.55,0.654795611,1,1,148.7475
29,82.01,Two year,Credit card,Fiber optic,1,2,0,0,Male,1,1,0,25-60,0,0.034482759,1,0.1,0.166744923,0,0,24.603
1,91.28,Month-to-month,Credit card,DSL,4,2,1,0,Female,0,1,0,0-3,1,4,0,0.56,0.508963123,1,1,153.3504
1,23.72,Two year,Electronic check,Fiber optic,0,2,0,0,Female,0,0,1,0-3,0,0,0,0.04,0.089957968,0,0,2.8464
16,111.09,One year,Electronic check,Fiber optic,0,1,1,0,Male,1,0,1,13-24,1,0,0,0.17,0.208151503,0,0,56.6559
21,104.33,Two year,Bank transfer,Fiber optic,4,1,1,0,Male,1,1,1,13-24,1,0.19047619,0,0.48,0.324063372,0,0,150.2352
1,109.34,One year,Electronic check,Fiber optic,5,2,0,1,Female,0,1,1,0-3,1,5,1,0.39,0.688133993,0,1,127.9278
41,54.71,Month-to-month,Credit card,Fiber optic,0,2,0,0,Male,1,0,0,25-60,0,0,0,0.08,0.09116007,0,0,13.1304
20,55.64,Month-to-month,Bank transfer,DSL,1,1,0,0,Female,0,0,1,13-24,0,0.05,1,0.1,0.229074959,0,0,16.692
14,72.36,Month-to-month,Bank transfer,Fiber optic,0,1,1,0,Female,0,0,1,13-24,0,0,0,0.45,0.193501423,0,0,97.686
1,88.59,One year,Credit card,Fiber optic,0,1,1,0,Male,0,0,1,0-3,0,0,0,0.23,0.195631894,0,0,61.1271
4,98.66,One year,Credit card,No,0,1,0,0,Male,1,0,0,04-Jun,1,0,1,0.33,0.253653583,0,0,97.6734
24,54.12,Month-to-month,Bank transfer,Fiber optic,1,3,0,0,Female,0,1,1,13-24,0,0.041666667,1,0.28,0.211526245,0,0,45.4608
4,32.3,One year,Mailed check,Fiber optic,1,1,1,0,Male,0,0,0,04-Jun,0,0.25,0,0.01,0.023723964,0,0,0.969
9,75.17,Two year,Credit card,DSL,2,1,1,1,Male,1,0,0,07-Dec,0,0.222222222,0,0.03,0.114222143,0,0,6.7653
18,79.23,Two year,Credit card,No,3,2,1,1,Male,0,1,1,13-24,0,0.166666667,0,0.21,0.162756117,0,0,49.9149
7,103.52,Two year,Bank transfer,Fiber optic,2,2,0,0,Male,0,0,1,07-Dec,1,0.285714286,0,0.34,0.477215405,0,0,105.5904
10,96.91,Month-to-month,Credit card,DSL,5,1,0,0,Female,0,0,1,07-Dec,1,0.5,1,0.61,0.736112814,1,1,177.3453
12,82.61,One year,Electronic check,No,0,1,1,0,Female,0,0,1,07-Dec,0,0,0,0.15,0.109048088,0,0,37.1745
22,55.86,Month-to-month,Electronic check,Fiber optic,1,2,1,0,Female,1,0,1,13-24,0,0.045454545,0,0.07,0.117440214,0,0,11.7306
44,68.06,Two year,Bank transfer,No,0,1,1,0,Male,0,0,0,25-60,0,0,0,0.04,0.031070735,0,0,8.1672
7,76.56,Two year,Bank transfer,Fiber optic,0,2,1,0,Female,1,0,1,07-Dec,0,0,0,0.11,0.142995172,0,0,25.2648
5,82.99,Month-to-month,Bank transfer,No,1,1,1,0,Female,1,1,0,04-Jun,0,0.2,0,0.36,0.223493697,0,0,89.6292
2,84,Month-to-month,Credit card,DSL,0,1,1,0,Male,0,0,0,0-3,0,0,0,0.18,0.250115749,0,0,45.36
6,90.06,One year,Credit card,Fiber optic,2,1,0,1,Male,0,0,1,04-Jun,1,0.333333333,0,0.37,0.368558516,0,0,99.9666
29,68.72,Month-to-month,Electronic check,Fiber optic,2,1,0,1,Male,0,0,0,25-60,0,0.068965517,0,0.13,0.194123041,0,0,26.8008
28,96.56,Two year,Electronic check,Fiber optic,0,1,0,1,Male,1,0,1,25-60,1,0,1,0.52,0.272821054,1,0,150.6336
8,67.49,Month-to-month,Mailed check,DSL,1,1,0,1,Female,0,0,0,07-Dec,0,0.125,0,0.22,0.269732638,0,0,44.5434
2,34.16,Two year,Credit card,No,3,1,0,0,Male,1,1,1,0-3,0,1.5,0,0.29,0.136667215,0,0,29.7192
7,45.62,Two year,Credit card,DSL,0,1,1,0,Male,0,1,1,07-Dec,0,0,0,0.11,0.059447005,0,0,15.0546
5,48.76,One year,Credit card,Fiber optic,3,2,1,0,Male,0,0,1,04-Jun,0,0.6,0,0.19,0.079304978,0,0,27.7932
19,91.18,Two year,Credit card,DSL,0,1,1,0,Female,0,1,0,13-24,1,0,0,0.25,0.165329748,0,0,68.385
8,38.72,Month-to-month,Mailed check,Fiber optic,1,1,0,0,Female,0,1,0,07-Dec,0,0.125,0,0.11,0.135607986,0,0,12.7776
2,90.97,Month-to-month,Bank transfer,No,2,2,1,0,Male,1,0,0,0-3,1,1,0,0.32,0.308755782,0,0,87.3312
2,46.6,Month-to-month,Electronic check,Fiber optic,3,2,1,1,Male,0,0,0,0-3,0,1.5,0,0.14,0.123640983,0,0,19.572
19,31.59,One year,Credit card,Fiber optic,2,2,0,0,Female,1,0,1,13-24,0,0.105263158,0,0.1,0.073806536,0,0,9.477
5,39.04,Two year,Mailed check,Fiber optic,1,1,1,0,Male,0,0,0,04-Jun,0,0.2,0,0.02,0.036700909,0,0,2.3424
20,94.68,Month-to-month,Bank transfer,Fiber optic,0,1,1,1,Female,0,0,0,13-24,1,0,1,0.27,0.247258558,0,0,76.6908
11,128.45,Month-to-month,Electronic check,Fiber optic,1,1,0,0,Female,1,1,1,07-Dec,1,0.090909091,1,0.52,0.772111342,1,1,200.382
0,74.06,One year,Electronic check,Fiber optic,2,1,1,0,Male,0,1,1,0-3,0,2,1,0.05,0.154884227,0,0,11.109
4,21.19,Month-to-month,Bank transfer,Fiber optic,1,2,0,0,Male,0,1,1,04-Jun,0,0.25,0,0.4,0.108764105,0,0,25.428
2,22.02,Two year,Credit card,DSL,2,1,1,0,Female,1,1,1,0-3,0,1,0,0.05,0.065780417,0,0,3.303
9,58,Month-to-month,Bank transfer,No,1,1,0,1,Male,0,0,1,07-Dec,0,0.111111111,0,0.24,0.213497809,0,0,41.76
22,93.52,Month-to-month,Credit card,No,0,2,1,0,Female,1,0,1,13-24,1,0,0,0.28,0.290511991,0,0,78.5568
7,65.89,Two year,Electronic check,Fiber optic,0,1,1,0,Female,0,1,1,07-Dec,0,0,0,0.37,0.112827238,0,0,73.1379
21,51.18,Two year,Electronic check,DSL,1,1,1,1,Male,1,0,1,13-24,0,0.047619048,0,0.16,0.050984472,0,0,24.5664
2,61.76,Month-to-month,Credit card,Fiber optic,1,1,1,0,Female,1,0,1,0-3,0,0.5,1,0.42,0.256244449,0,0,77.8176
6,46.27,Two year,Credit card,DSL,1,1,1,0,Female,0,1,0,04-Jun,0,0.166666667,0,0.03,0.066652103,0,0,4.1643
0,88.25,Month-to-month,Mailed check,DSL,1,3,0,0,Male,0,0,1,0-3,0,1,1,0.36,0.528142974,0,1,95.31
3,76.56,One year,Electronic check,No,1,1,1,0,Male,1,0,1,0-3,0,0.333333333,0,0.07,0.118907327,0,0,16.0776
29,26.64,One year,Bank transfer,DSL,1,1,0,0,Male,0,0,1,25-60,0,0.034482759,0,0.05,0.035827993,0,0,3.996
0,21.09,Month-to-month,Mailed check,Fiber optic,3,2,1,0,Female,0,1,0,0-3,0,3,0,0.05,0.079858971,0,0,3.1635
4,47.12,One year,Mailed check,Fiber optic,1,2,0,0,Male,1,1,0,04-Jun,0,0.25,0,0.03,0.070433538,0,0,4.2408
0,76.65,Month-to-month,Mailed check,DSL,0,2,0,0,Female,1,0,0,0-3,0,0,1,0.3,0.373196967,0,0,68.985
5,59.94,One year,Mailed check,No,2,1,1,0,Male,1,0,0,04-Jun,0,0.4,0,0.12,0.05048808,0,0,21.5784
1,63.58,Month-to-month,Bank transfer,DSL,1,2,0,0,Female,1,0,1,0-3,0,1,0,0.53,0.395088918,1,0,101.0922
6,75.44,Month-to-month,Credit card,Fiber optic,1,1,1,0,Female,1,1,0,04-Jun,0,0.166666667,0,0.08,0.224982103,0,0,18.1056
15,167.29,Month-to-month,Bank transfer,DSL,0,1,1,0,Female,0,0,1,13-24,1,0,1,0.48,0.822361629,0,1,240.8976
8,104.07,Month-to-month,Bank transfer,DSL,1,1,1,0,Male,0,1,1,07-Dec,1,0.125,0,0.48,0.420879426,0,0,149.8608
10,78.32,One year,Mailed check,DSL,0,2,1,1,Female,0,1,0,07-Dec,0,0,1,0.17,0.087141421,0,0,39.9432
44,27.51,One year,Bank transfer,Fiber optic,1,2,1,0,Female,1,0,1,25-60,0,0.022727273,0,0.07,0.016651668,0,0,5.7771
4,63.12,Month-to-month,Credit card,No,0,1,1,0,Female,0,0,1,04-Jun,0,0,1,0.19,0.186653676,0,0,35.9784
6,132.94,Two year,Credit card,No,1,1,0,0,Female,0,0,1,04-Jun,1,0.166666667,1,0.47,0.725451723,0,1,187.4454
14,53.55,Month-to-month,Electronic check,Fiber optic,0,1,1,0,Female,0,1,1,13-24,0,0,0,0.14,0.120845872,0,0,22.491
50,37.45,Two year,Credit card,No,4,3,1,1,Female,0,1,0,25-60,0,0.08,0,0.14,0.029828045,0,0,15.729
8,104.62,Two year,Bank transfer,DSL,0,1,0,0,Male,0,1,0,07-Dec,1,0,0,0.24,0.334751026,0,0,75.3264
59,58.93,Month-to-month,Electronic check,Fiber optic,1,2,1,0,Female,0,0,1,25-60,0,0.016949153,0,0.04,0.068948213,0,0,7.0716
8,53.47,One year,Mailed check,No,2,3,0,0,Female,0,0,0,07-Dec,0,0.25,0,0.24,0.093482065,0,0,38.4984
1,109.31,One year,Electronic check,Fiber optic,1,1,1,0,Male,0,0,0,0-3,1,1,0,0.32,0.255696967,0,0,104.9376
12,96.07,One year,Mailed check,Fiber optic,0,3,0,0,Male,1,0,1,07-Dec,1,0,0,0.34,0.262766639,0,0,97.9914
2,71.55,Month-to-month,Credit card,DSL,2,1,0,0,Female,1,1,0,0-3,0,1,0,0.45,0.4341955,0,0,96.5925
10,62.7,Month-to-month,Electronic check,Fiber optic,2,1,1,0,Female,1,0,1,07-Dec,0,0.2,0,0.19,0.19128384,0,0,35.739
9,82.32,Month-to-month,Bank transfer,Fiber optic,0,2,1,0,Male,1,0,0,07-Dec,0,0,0,0.21,0.154024411,0,0,51.8616
1,58.23,Two year,Electronic check,DSL,1,3,1,0,Female,0,0,0,0-3,0,1,1,0.14,0.09924233,0,0,24.4566
16,82.76,Month-to-month,Bank transfer,DSL,3,2,1,0,Male,1,0,0,13-24,0,0.1875,0,0.11,0.202718519,0,0,27.3108
3,12.76,Month-to-month,Mailed check,Fiber optic,0,3,0,0,Female,1,1,1,0-3,0,0,0,0.16,0.108007687,0,0,6.1248
13,76.7,Month-to-month,Electronic check,Fiber optic,1,1,0,0,Female,1,0,1,13-24,0,0.076923077,1,0.21,0.376724114,0,0,48.321
31,79.3,Month-to-month,Electronic check,Fiber optic,0,1,0,0,Female,1,0,1,25-60,0,0,0,0.51,0.292283152,1,0,121.329
6,65.46,Two year,Credit card,Fiber optic,1,1,0,1,Male,1,0,0,04-Jun,0,0.166666667,0,0.13,0.157734945,0,0,25.5294
3,5,One year,Bank transfer,Fiber optic,2,1,0,1,Female,1,0,1,0-3,0,0.666666667,0,0.19,0.052153014,0,0,2.85
11,29.24,One year,Bank transfer,DSL,2,2,0,0,Male,1,0,1,07-Dec,0,0.181818182,0,0.07,0.055924694,0,0,6.1404
3,107.58,Month-to-month,Electronic check,Fiber optic,2,1,1,0,Female,1,0,0,0-3,1,0.666666667,1,0.81,0.508244957,1,1,261.4194
4,57.09,Month-to-month,Mailed check,No,1,1,0,1,Male,1,1,0,04-Jun,0,0.25,0,0.17,0.174397077,0,0,29.1159
5,74.31,Month-to-month,Credit card,DSL,0,1,0,1,Male,0,0,0,04-Jun,0,0,0,0.21,0.28579958,0,0,46.8153
56,69.49,Month-to-month,Credit card,Fiber optic,2,1,1,0,Female,0,0,1,25-60,0,0.035714286,0,0.21,0.127563656,0,0,43.7787
2,106.36,Month-to-month,Electronic check,DSL,0,2,0,0,Male,1,0,0,0-3,1,0,0,0.49,0.548010362,0,1,156.3492
4,45.81,Month-to-month,Mailed check,DSL,0,1,1,1,Female,0,0,1,04-Jun,0,0,0,0.27,0.121716748,0,0,37.1061
0,43.11,Two year,Mailed check,No,1,1,1,0,Male,0,1,1,0-3,0,1,0,0.02,0.068581763,0,0,2.5866
0,16.21,Month-to-month,Mailed check,Fiber optic,1,1,0,0,Male,0,0,0,0-3,0,1,0,0.19,0.08109719,0,0,9.2397
0,57.71,Two year,Electronic check,No,0,2,1,1,Male,1,0,1,0-3,0,0,0,0.12,0.086282413,0,0,20.7756
7,81.59,Two year,Mailed check,DSL,2,3,0,0,Female,0,1,0,07-Dec,0,0.285714286,0,0.32,0.276453969,0,0,78.3264
4,35.4,One year,Electronic check,No,2,2,1,0,Male,1,0,0,04-Jun,0,0.5,0,0.13,0.024942989,0,0,13.806
1,102.92,Month-to-month,Mailed check,No,1,1,0,0,Female,1,0,1,0-3,1,1,1,0.66,0.672586287,1,1,203.7816
9,62.35,One year,Mailed check,No,2,2,0,0,Male,0,1,1,07-Dec,0,0.222222222,0,0.17,0.133925835,0,0,31.7985
3,53.18,One year,Credit card,Fiber optic,5,2,0,0,Male,1,0,1,0-3,0,1.666666667,1,0.22,0.235767245,0,0,35.0988
0,24.43,One year,Credit card,No,2,1,1,0,Female,1,1,1,0-3,0,2,0,0.03,0.049019728,0,0,2.1987
33,75.86,Month-to-month,Electronic check,Fiber optic,2,1,0,0,Male,0,0,1,25-60,0,0.060606061,0,0.14,0.279458031,0,0,31.8612
9,39.58,Month-to-month,Electronic check,DSL,1,1,0,0,Male,0,1,1,07-Dec,0,0.111111111,1,0.18,0.150423764,0,0,21.3732
13,9.23,Month-to-month,Mailed check,Fiber optic,2,1,1,0,Male,1,1,1,13-24,0,0.153846154,0,0.09,0.036086734,0,0,2.4921
6,38.35,Month-to-month,Mailed check,No,2,1,1,0,Male,1,0,1,04-Jun,0,0.333333333,0,0.06,0.082962467,0,0,6.903
35,58.8,One year,Bank transfer,No,0,1,0,0,Male,0,0,0,25-60,0,0,0,0.15,0.043077674,0,0,26.46
27,108.17,Two year,Bank transfer,DSL,3,1,1,1,Female,1,0,1,25-60,1,0.111111111,0,0.49,0.357059555,0,0,159.0099
38,61.17,Month-to-month,Electronic check,DSL,1,1,1,0,Male,1,0,0,25-60,0,0.026315789,0,0.06,0.060993169,0,0,11.0106
2,77.02,One year,Electronic check,DSL,1,1,1,0,Male,0,0,0,0-3,0,0.5,0,0.09,0.103368781,0,0,20.7954
1,64.93,One year,Credit card,Fiber optic,1,2,0,1,Female,0,1,0,0-3,0,1,0,0.31,0.202219468,0,0,60.3849
16,37.89,One year,Bank transfer,DSL,2,2,1,0,Female,1,0,0,13-24,0,0.125,0,0.04,0.03062062,0,0,4.5468
51,53.83,One year,Bank transfer,Fiber optic,1,1,0,0,Female,1,0,1,25-60,0,0.019607843,0,0.24,0.060726166,0,0,38.7576
6,70.05,Month-to-month,Mailed check,No,0,1,1,0,Male,0,0,0,04-Jun,0,0,0,0.07,0.113084817,0,0,14.7105
10,19.23,Month-to-month,Electronic check,DSL,2,1,0,0,Male,1,0,0,07-Dec,0,0.2,0,0.19,0.065144694,0,0,10.9611
11,41.77,Month-to-month,Bank transfer,No,3,1,0,0,Female,0,0,0,07-Dec,0,0.272727273,0,0.07,0.156126976,0,0,8.7717
2,33.79,Two year,Credit card,Fiber optic,0,1,1,0,Female,1,1,0,0-3,0,0,0,0.11,0.050153553,0,0,11.1507
0,72.43,Month-to-month,Electronic check,No,0,2,1,0,Male,0,1,0,0-3,0,0,0,0.04,0.159979096,0,0,8.6916
7,67.2,Month-to-month,Bank transfer,Fiber optic,0,3,1,0,Male,0,0,1,07-Dec,0,0,1,0.22,0.152831497,0,0,44.352
56,31.35,Month-to-month,Credit card,No,0,1,1,0,Female,0,0,0,25-60,0,0,0,0.08,0.02060688,0,0,7.524
18,132.65,Month-to-month,Electronic check,No,1,2,1,0,Female,0,1,0,13-24,1,0.055555556,1,0.3,0.518418089,0,1,119.385
38,54.12,Month-to-month,Electronic check,Fiber optic,2,2,0,0,Female,0,0,1,25-60,0,0.052631579,0,0.22,0.187997303,0,0,35.7192
28,83.29,Month-to-month,Bank transfer,DSL,0,2,1,0,Female,0,0,1,25-60,0,0,0,0.23,0.21027215,0,0,57.4701
0,61.67,Month-to-month,Mailed check,DSL,1,2,1,1,Female,1,0,0,0-3,0,1,0,0.34,0.179559144,0,0,62.9034
5,75.85,Month-to-month,Credit card,DSL,0,3,0,0,Male,1,0,1,04-Jun,0,0,0,0.4,0.362364755,0,0,91.02
5,73.17,One year,Mailed check,Fiber optic,2,2,1,0,Male,0,0,0,04-Jun,0,0.4,0,0.09,0.085821265,0,0,19.7559
2,5,One year,Mailed check,Fiber optic,1,2,1,0,Female,1,0,0,0-3,0,0.5,0,0.02,0.015982596,0,0,0.3
5,36.79,Month-to-month,Credit card,DSL,1,1,1,0,Female,1,0,1,04-Jun,0,0.2,0,0.06,0.114513834,0,0,6.6222
3,71.65,Month-to-month,Credit card,No,0,1,1,0,Female,1,0,1,0-3,0,0,0,0.21,0.258063932,0,0,45.1395
3,74.35,Two year,Credit card,DSL,0,1,0,1,Female,1,0,1,0-3,0,0,0,0.19,0.333865924,0,0,42.3795
8,43.32,Two year,Bank transfer,No,0,3,0,0,Female,0,0,0,07-Dec,0,0,0,0.07,0.070429427,0,0,9.0972
3,28.09,Two year,Electronic check,No,0,2,0,0,Male,0,0,1,0-3,0,0,0,0.17,0.068919769,0,0,14.3259
7,89.73,Month-to-month,Credit card,DSL,1,2,0,0,Female,1,0,0,07-Dec,1,0.142857143,0,0.42,0.472709167,0,0,113.0598
42,87.58,One year,Credit card,DSL,3,1,1,0,Female,1,0,1,25-60,0,0.071428571,0,0.27,0.141409084,0,0,70.9398
6,97.24,One year,Electronic check,DSL,0,1,1,0,Male,1,1,0,04-Jun,1,0,1,0.12,0.137676033,0,0,35.0064
3,118.44,Month-to-month,Bank transfer,No,2,1,1,0,Male,0,0,0,0-3,1,0.666666667,1,0.49,0.511990031,0,1,174.1068
7,64.48,Two year,Bank transfer,DSL,3,1,1,0,Male,0,0,0,07-Dec,0,0.428571429,0,0.15,0.09176833,0,0,29.016
20,136.38,Two year,Electronic check,Fiber optic,0,1,1,0,Female,0,0,1,13-24,1,0,1,0.36,0.473260406,0,0,147.2904
18,25.48,Month-to-month,Electronic check,Fiber optic,3,2,1,0,Male,0,0,0,13-24,0,0.166666667,0,0.09,0.041822308,0,0,6.8796
3,66.61,Month-to-month,Electronic check,Fiber optic,3,2,1,0,Female,0,0,1,0-3,0,1,1,0.33,0.315685311,0,0,65.9439
6,41.9,One year,Electronic check,No,2,2,1,0,Female,0,0,0,04-Jun,0,0.333333333,1,0.03,0.038285613,0,0,3.771
30,49.16,One year,Credit card,DSL,0,2,1,0,Female,1,0,0,25-60,0,0,0,0.02,0.029020477,0,0,2.9496
2,92.28,Two year,Bank transfer,DSL,2,1,1,0,Male,1,0,1,0-3,1,1,0,0.6,0.303791224,1,0,166.104
11,70.68,One year,Electronic check,DSL,3,2,1,0,Female,0,1,1,07-Dec,0,0.272727273,0,0.15,0.137908103,0,0,31.806
6,30.02,Month-to-month,Bank transfer,Fiber optic,0,1,0,0,Male,0,0,1,04-Jun,0,0,0,0.19,0.113443194,0,0,17.1114
32,90.89,Two year,Credit card,Fiber optic,0,1,1,0,Male,1,0,0,25-60,1,0,0,0.17,0.102939383,0,0,46.3539
0,54.29,Month-to-month,Electronic check,DSL,0,2,1,1,Male,0,0,0,0-3,0,0,0,0.1,0.110738559,0,0,16.287
12,115.97,Month-to-month,Bank transfer,Fiber optic,2,1,1,0,Male,1,0,0,07-Dec,1,0.166666667,1,0.41,0.413672432,0,0,142.6431
1,109.11,Two year,Bank transfer,DSL,3,3,0,0,Female,0,0,1,0-3,1,3,1,0.53,0.685215627,1,1,173.4849
28,39.88,One year,Mailed check,Fiber optic,1,1,1,0,Male,1,0,1,25-60,0,0.035714286,0,0.01,0.025863993,0,0,1.1964
13,85.3,Month-to-month,Bank transfer,Fiber optic,1,1,1,0,Male,0,0,1,13-24,0,0.076923077,0,0.32,0.24631826,0,0,81.888
0,102.15,Month-to-month,Mailed check,Fiber optic,3,1,1,1,Female,1,1,1,0-3,1,3,0,0.6,0.613423104,1,1,183.87
1,41.44,Month-to-month,Bank transfer,DSL,3,1,0,1,Male,1,1,1,0-3,0,3,0,0.37,0.262611653,0,0,45.9984
0,35.99,Month-to-month,Bank transfer,Fiber optic,1,3,0,0,Male,0,1,0,0-3,0,1,0,0.34,0.144307253,0,0,36.7098
6,59.26,One year,Mailed check,DSL,2,2,1,0,Male,0,0,0,04-Jun,0,0.333333333,0,0.11,0.057406753,0,0,19.5558
5,101.84,Two year,Credit card,DSL,1,2,0,0,Female,0,0,0,04-Jun,1,0.2,1,0.45,0.456604938,0,0,137.484
21,107.63,One year,Mailed check,DSL,0,1,1,1,Male,0,1,0,13-24,1,0,0,0.18,0.141832206,0,0,58.1202
4,51.75,Two year,Credit card,No,0,3,0,0,Female,1,0,1,04-Jun,0,0,0,0.21,0.150498335,0,0,32.6025
8,28.34,Two year,Credit card,Fiber optic,0,2,1,0,Male,0,0,1,07-Dec,0,0,0,0.04,0.033972976,0,0,3.4008
6,81.03,Month-to-month,Mailed check,Fiber optic,0,2,1,0,Male,0,0,1,04-Jun,0,0,1,0.15,0.225890629,0,0,36.4635
1,93.25,Month-to-month,Electronic check,DSL,1,1,1,0,Female,1,0,1,0-3,1,1,0,0.73,0.465760779,1,0,204.2175
1,83.93,One year,Electronic check,Fiber optic,0,2,1,0,Female,0,0,1,0-3,0,0,1,0.13,0.188335323,0,0,32.7327
15,28.8,Month-to-month,Bank transfer,Fiber optic,0,2,0,0,Male,0,0,1,13-24,0,0,0,0.14,0.089919279,0,0,12.096
9,52.07,One year,Credit card,Fiber optic,1,3,0,0,Male,0,0,1,07-Dec,0,0.111111111,0,0.19,0.110614643,0,0,29.6799
14,74.48,Month-to-month,Bank transfer,Fiber optic,1,1,1,0,Male,1,0,0,13-24,0,0.071428571,0,0.11,0.133469677,0,0,24.5784
3,74.2,Month-to-month,Bank transfer,DSL,0,2,1,0,Male,0,0,1,0-3,0,0,0,0.09,0.236160749,0,0,20.034
5,72.37,Month-to-month,Credit card,DSL,1,2,1,0,Female,1,0,0,04-Jun,0,0.2,0,0.14,0.207344216,0,0,30.3954
12,52.6,Month-to-month,Bank transfer,Fiber optic,1,1,1,0,Male,0,0,0,07-Dec,0,0.083333333,0,0.11,0.077409054,0,0,17.358
15,15.88,One year,Bank transfer,Fiber optic,3,1,1,0,Female,0,0,0,13-24,0,0.2,0,0.03,0.019484493,0,0,1.4292
0,54.54,One year,Electronic check,No,1,1,0,0,Female,0,0,0,0-3,0,1,1,0.4,0.118764281,0,0,65.448
1,88.68,Month-to-month,Credit card,Fiber optic,0,1,1,0,Female,0,0,0,0-3,0,0,0,0.31,0.332782453,0,0,82.4724
23,71.57,Month-to-month,Electronic check,DSL,2,1,0,0,Male,1,0,1,13-24,0,0.086956522,0,0.14,0.275944323,0,0,30.0594
2,89.16,Month-to-month,Bank transfer,No,1,1,1,0,Female,0,0,0,0-3,0,0.5,0,0.35,0.304941553,0,0,93.618
3,33.94,Month-to-month,Credit card,Fiber optic,1,1,0,1,Female,0,0,0,0-3,0,0.333333333,0,0.31,0.177366338,0,0,31.5642
21,64.55,Month-to-month,Bank transfer,Fiber optic,0,2,0,0,Male,1,0,0,13-24,0,0,0,0.11,0.145533704,0,0,21.3015
3,51.57,Month-to-month,Electronic check,Fiber optic,3,1,0,0,Female,1,1,0,0-3,0,1,0,0.4,0.289101231,0,0,61.884
2,59.21,Month-to-month,Bank transfer,DSL,0,1,1,0,Female,1,0,1,0-3,0,0,0,0.16,0.198510427,0,0,28.4208
26,67.26,One year,Credit card,Fiber optic,0,1,0,0,Female,1,0,1,25-60,0,0,1,0.22,0.138864603,0,0,44.3916
9,39.93,Two year,Mailed check,DSL,1,1,1,0,Female,0,0,1,07-Dec,0,0.111111111,0,0.07,0.059301976,0,0,8.3853
36,56.28,Month-to-month,Mailed check,Fiber optic,2,3,0,0,Male,1,0,1,25-60,0,0.055555556,0,0.1,0.163552685,0,0,16.884
3,126.92,Month-to-month,Bank transfer,No,1,2,1,0,Female,1,1,0,0-3,1,0.333333333,1,0.66,0.600565314,1,1,251.3016
3,74.38,Month-to-month,Mailed check,Fiber optic,0,2,1,0,Female,1,0,1,0-3,0,0,1,0.1,0.272012682,0,0,22.314
21,54.47,Two year,Bank transfer,Fiber optic,2,2,1,0,Male,0,0,1,13-24,0,0.095238095,0,0.07,0.066522356,0,0,11.4387
3,45.61,Month-to-month,Electronic check,DSL,3,2,0,0,Male,1,0,1,0-3,0,1,0,0.35,0.270615504,0,0,47.8905
3,52.3,Month-to-month,Electronic check,No,2,1,1,0,Female,1,1,0,0-3,0,0.666666667,0,0.22,0.136746903,0,0,34.518
2,82.47,Month-to-month,Mailed check,Fiber optic,0,2,0,0,Female,1,0,1,0-3,0,0,0,0.31,0.493620189,0,0,76.6971
20,47.73,Month-to-month,Mailed check,DSL,2,2,0,0,Female,1,0,1,13-24,0,0.1,0,0.04,0.20352004,0,0,5.7276
11,61.78,Month-to-month,Mailed check,Fiber optic,1,1,0,0,Male,0,0,0,07-Dec,0,0.090909091,0,0.22,0.1818741,0,0,40.7748
0,50.28,Month-to-month,Mailed check,Fiber optic,2,2,1,1,Female,0,1,1,0-3,0,2,0,0.17,0.213771658,0,0,25.6428
10,75.26,Two year,Electronic check,No,0,1,1,0,Male,0,0,1,07-Dec,0,0,0,0.02,0.094574937,0,0,4.5156
17,109.68,Month-to-month,Mailed check,Fiber optic,1,1,0,0,Male,0,1,1,13-24,1,0.058823529,0,0.64,0.589115651,1,1,210.5856
6,86.33,Month-to-month,Credit card,Fiber optic,0,1,0,0,Male,1,0,1,04-Jun,0,0,0,0.42,0.431885791,0,0,108.7758
10,61.36,Month-to-month,Credit card,DSL,4,2,0,1,Female,1,0,1,07-Dec,0,0.4,1,0.2,0.419768861,0,0,36.816
12,68.56,Month-to-month,Electronic check,Fiber optic,0,1,0,1,Male,1,0,1,07-Dec,0,0,0,0.11,0.244699409,0,0,22.6248
1,14.61,Month-to-month,Bank transfer,No,2,1,1,0,Male,1,0,1,0-3,0,2,0,0.09,0.054448804,0,0,3.9447
16,96.17,One year,Credit card,Fiber optic,0,2,0,0,Female,1,1,1,13-24,1,0,0,0.36,0.341182754,0,0,103.8636
2,79.69,Month-to-month,Bank transfer,Fiber optic,1,1,1,0,Female,1,0,0,0-3,0,0.5,0,0.46,0.265816961,0,0,109.9722
6,84.43,Month-to-month,Credit card,DSL,2,2,1,0,Female,0,1,1,04-Jun,0,0.333333333,1,0.38,0.398033782,0,0,96.2502
7,104.38,Month-to-month,Mailed check,Fiber optic,1,1,0,1,Female,1,1,0,07-Dec,1,0.142857143,1,0.5,0.560470204,0,1,156.57
2,79.65,Month-to-month,Bank transfer,Fiber optic,1,2,1,0,Female,1,0,0,0-3,0,0.5,0,0.38,0.265331536,0,0,90.801
15,24.7,Month-to-month,Mailed check,Fiber optic,0,2,0,0,Female,0,0,0,13-24,0,0,0,0.12,0.070744303,0,0,8.892
13,43.58,Month-to-month,Credit card,DSL,0,1,1,0,Male,0,0,1,13-24,0,0,0,0.07,0.084007816,0,0,9.1518
18,139.74,Month-to-month,Mailed check,DSL,1,1,1,0,Male,1,1,1,13-24,1,0.055555556,1,0.69,0.626687185,1,1,289.2618
8,75.04,One year,Electronic check,Fiber optic,1,2,0,0,Male,1,0,1,07-Dec,0,0.125,0,0.21,0.173527864,0,0,47.2752
10,50.77,Month-to-month,Bank transfer,Fiber optic,1,2,1,0,Male,0,0,1,07-Dec,0,0.1,0,0.21,0.106578006,0,0,31.9851
6,109.92,One year,Mailed check,No,2,1,0,0,Female,0,1,0,04-Jun,1,0.333333333,0,0.47,0.421380027,0,0,154.9872
12,65.03,Month-to-month,Mailed check,Fiber optic,2,2,0,0,Male,0,0,1,07-Dec,0,0.166666667,0,0.27,0.285415276,0,0,52.6743
0,134.95,Month-to-month,Bank transfer,DSL,1,1,1,0,Male,1,0,0,0-3,1,1,1,0.63,0.635337517,1,1,255.0555
22,50.94,Month-to-month,Mailed check,Fiber optic,1,1,1,0,Female,0,0,1,13-24,0,0.045454545,0,0.44,0.107668034,0,0,67.2408
7,49.99,Month-to-month,Bank transfer,Fiber optic,1,1,1,1,Male,0,1,1,07-Dec,0,0.142857143,1,0.17,0.116261796,0,0,25.4949
1,135.55,Month-to-month,Mailed check,Fiber optic,0,2,1,0,Female,0,1,1,0-3,1,0,1,0.71,0.748715278,1,1,288.7215
0,82.62,One year,Mailed check,Fiber optic,3,1,1,0,Male,1,1,0,0-3,0,3,0,0.23,0.153179352,0,0,57.0078
1,82.44,Two year,Bank transfer,DSL,1,2,1,0,Male,0,0,1,0-3,0,1,1,0.14,0.209537135,0,0,34.6248
5,34.51,Month-to-month,Electronic check,DSL,1,2,0,0,Female,0,0,1,04-Jun,0,0.2,0,0.09,0.177387601,0,0,9.3177
0,57.55,Month-to-month,Credit card,Fiber optic,2,1,1,0,Male,0,0,0,0-3,0,2,0,0.17,0.166538945,0,0,29.3505
11,31.21,Month-to-month,Credit card,DSL,1,2,1,0,Female,1,0,1,07-Dec,0,0.090909091,0,0,0.08327015,0,0,0
1,115.63,Month-to-month,Credit card,Fiber optic,2,1,1,0,Female,1,0,0,0-3,1,2,0,0.62,0.608370504,1,1,215.0718
10,106.9,One year,Mailed check,No,0,1,0,0,Female,1,1,1,07-Dec,1,0,0,0.29,0.375367693,0,0,93.003
5,89.96,Month-to-month,Electronic check,DSL,0,1,1,0,Male,1,0,1,04-Jun,1,0,0,0.34,0.295639223,0,0,91.7592
8,46.46,Month-to-month,Bank transfer,DSL,1,1,0,0,Male,0,0,1,07-Dec,0,0.125,1,0.18,0.180529788,0,0,25.0884
2,121.08,Two year,Electronic check,Fiber optic,0,1,1,0,Male,1,1,0,0-3,1,0,0,0.45,0.355632691,0,0,163.458
8,118.72,One year,Mailed check,DSL,1,2,1,0,Male,0,0,1,07-Dec,1,0.125,0,0.51,0.316756875,1,0,181.6416
13,164.56,One year,Credit card,Fiber optic,4,3,1,0,Male,1,0,0,13-24,1,0.307692308,1,0.55,0.667839617,1,1,271.524
12,67.96,Month-to-month,Mailed check,DSL,0,2,1,0,Male,0,0,0,07-Dec,0,0,0,0.11,0.102310935,0,0,22.4268
12,34.06,One year,Credit card,DSL,2,1,1,0,Male,1,0,1,07-Dec,0,0.166666667,0,0.04,0.036607062,0,0,4.0872
8,117.34,Two year,Credit card,Fiber optic,1,1,1,0,Female,1,1,1,07-Dec,1,0.125,0,0.49,0.459458665,0,0,172.4898
16,67.91,Month-to-month,Credit card,Fiber optic,1,1,0,0,Female,0,0,1,13-24,0,0.0625,0,0.23,0.345006801,0,0,46.8579
14,63.75,One year,Credit card,No,4,1,1,0,Male,1,1,1,13-24,0,0.285714286,0,0.11,0.099679278,0,0,21.0375
8,116.03,Month-to-month,Electronic check,Fiber optic,4,1,1,1,Female,1,0,1,07-Dec,1,0.5,0,0.4,0.652053268,0,1,139.236
10,62.86,One year,Credit card,Fiber optic,1,1,0,0,Male,1,0,1,07-Dec,0,0.1,0,0.39,0.139822904,0,0,73.5462
3,106.61,Month-to-month,Electronic check,No,1,1,0,0,Female,0,0,0,0-3,1,0.333333333,0,0.61,0.614390992,1,1,195.0963
9,102.4,Month-to-month,Bank transfer,Fiber optic,0,1,1,0,Female,1,1,0,07-Dec,1,0,1,0.16,0.33204163,0,0,49.152
27,69.82,Two year,Mailed check,Fiber optic,0,1,0,0,Female,1,0,0,25-60,0,0,0,0.13,0.11817211,0,0,27.2298
4,32.08,Month-to-month,Electronic check,No,2,2,0,0,Male,0,0,1,04-Jun,0,0.5,0,0.2,0.138078782,0,0,19.248
1,73.22,Month-to-month,Bank transfer,Fiber optic,1,1,1,0,Male,1,0,1,0-3,0,1,1,0.2,0.253388458,0,0,43.932
18,80.03,Month-to-month,Credit card,Fiber optic,1,2,0,0,Female,0,0,1,13-24,0,0.055555556,1,0.44,0.420800982,0,0,105.6396
1,65.18,Two year,Electronic check,DSL,1,2,1,0,Female,1,1,0,0-3,0,1,0,0.11,0.11952277,0,0,21.5094
0,122.05,Month-to-month,Electronic check,Fiber optic,2,1,1,0,Male,1,1,0,0-3,1,2,1,0.61,0.57302068,1,1,223.3515
12,51.58,Month-to-month,Mailed check,DSL,1,1,1,0,Female,1,0,1,07-Dec,0,0.083333333,0,0.15,0.124954811,0,0,23.211
10,28.13,One year,Credit card,Fiber optic,2,3,1,0,Male,0,0,1,07-Dec,0,0.2,0,0.09,0.033024918,0,0,7.5951
0,5,Month-to-month,Credit card,DSL,0,1,1,0,Male,1,1,1,0-3,0,0,0,0.14,0.044303258,0,0,2.1
1,36.89,Two year,Electronic check,DSL,2,1,1,1,Male,0,0,0,0-3,0,2,0,0.06,0.049838131,0,0,6.6402
0,92.74,Month-to-month,Bank transfer,DSL,2,3,0,0,Female,0,0,0,0-3,1,2,1,0.51,0.594887509,1,1,141.8922
20,63.08,Two year,Electronic check,DSL,0,1,1,0,Male,1,0,1,13-24,0,0,0,0.11,0.062419292,0,0,20.8164
36,52.26,Two year,Bank transfer,Fiber optic,0,1,1,0,Male,1,0,0,25-60,0,0,0,0.04,0.025260428,0,0,6.2712
17,91.98,Month-to-month,Electronic check,No,1,2,0,0,Male,0,0,0,13-24,1,0.058823529,0,0.45,0.327444814,0,0,124.173
9,83.41,One year,Mailed check,Fiber optic,0,1,1,0,Male,0,0,0,07-Dec,0,0,1,0.13,0.07706186,0,0,32.5299
23,80.8,Month-to-month,Mailed check,Fiber optic,2,1,1,0,Male,1,0,1,13-24,0,0.086956522,0,0.27,0.2015602,0,0,65.448
7,126.93,Month-to-month,Mailed check,Fiber optic,0,2,0,0,Female,1,0,0,07-Dec,1,0,0,0.64,0.672825078,1,1,243.7056
9,87.51,Month-to-month,Mailed check,No,5,1,1,0,Male,0,0,1,07-Dec,0,0.555555556,0,0.46,0.360703304,0,0,120.7638
9,61.02,Month-to-month,Electronic check,Fiber optic,0,1,1,0,Male,0,0,1,07-Dec,0,0,0,0.13,0.1228251,0,0,23.7978
5,44.84,Month-to-month,Bank transfer,Fiber optic,0,2,1,1,Male,1,0,0,04-Jun,0,0,0,0.14,0.064864159,0,0,18.8328
2,36.18,Two year,Mailed check,Fiber optic,2,2,1,0,Male,0,0,1,0-3,0,1,0,0.05,0.067859245,0,0,5.427
0,83.54,One year,Electronic check,DSL,3,1,1,0,Female,1,0,1,0-3,0,3,1,0.31,0.247756927,0,0,77.6922
1,46.49,Month-to-month,Mailed check,DSL,2,1,1,0,Male,0,1,0,0-3,0,2,0,0.17,0.112724947,0,0,23.7099
16,65.59,Two year,Credit card,DSL,1,1,0,0,Female,0,0,1,13-24,0,0.0625,0,0.1,0.218658244,0,0,19.677
9,81.8,Month-to-month,Credit card,DSL,2,1,1,0,Male,1,0,1,07-Dec,0,0.222222222,1,0.31,0.282110927,0,0,76.074
4,79.49,Month-to-month,Credit card,DSL,0,1,1,0,Male,1,0,1,04-Jun,0,0,0,0.39,0.244971044,0,0,93.0033
17,75.3,Two year,Electronic check,Fiber optic,0,1,0,0,Male,0,0,0,13-24,0,0,0,0.14,0.128189905,0,0,31.626
3,28.36,Month-to-month,Mailed check,DSL,0,1,1,1,Female,1,0,0,0-3,0,0,0,0.09,0.062421603,0,0,7.6572
20,79.37,One year,Mailed check,No,0,1,1,0,Male,1,0,1,13-24,0,0,0,0.15,0.068266676,0,0,35.7165
15,101.72,Month-to-month,Electronic check,Fiber optic,0,1,1,0,Female,0,0,1,13-24,1,0,0,0.2,0.383077205,0,0,61.032
46,78.35,Month-to-month,Bank transfer,Fiber optic,0,1,0,0,Female,0,1,1,25-60,0,0,0,0.4,0.244526896,0,0,94.02
5,59.21,One year,Credit card,Fiber optic,0,1,1,0,Male,0,0,0,04-Jun,0,0,1,0.06,0.050849646,0,0,10.6578
2,54.22,Month-to-month,Mailed check,DSL,2,1,0,1,Male,0,0,1,0-3,0,1,0,0.27,0.312999895,0,0,43.9182
8,94.82,One year,Mailed check,Fiber optic,3,2,0,0,Male,1,0,0,07-Dec,1,0.375,0,0.29,0.285019532,0,0,82.4934
14,78.9,One year,Mailed check,Fiber optic,1,1,0,1,Male,1,1,0,13-24,0,0.071428571,1,0.15,0.137193355,0,0,35.505
12,64.74,Month-to-month,Electronic check,Fiber optic,0,1,1,0,Female,0,0,0,07-Dec,0,0,1,0.09,0.115322104,0,0,17.4798
4,83.81,Month-to-month,Mailed check,DSL,2,3,0,0,Male,1,1,0,04-Jun,0,0.5,0,0.46,0.378982051,0,0,115.6578
8,95.49,Month-to-month,Electronic check,Fiber optic,0,1,0,1,Female,0,0,0,07-Dec,1,0,1,0.61,0.450916611,1,0,174.7467
3,71.02,Two year,Electronic check,DSL,1,2,0,0,Female,0,0,1,0-3,0,0.333333333,0,0.22,0.312869851,0,0,46.8732
15,30.95,Two year,Mailed check,DSL,2,2,0,0,Male,0,0,0,13-24,0,0.133333333,0,0.15,0.051816289,0,0,13.9275
8,63.35,Month-to-month,Bank transfer,DSL,0,2,1,0,Male,0,1,0,07-Dec,0,0,0,0.07,0.102329351,0,0,13.3035
20,99.27,One year,Bank transfer,Fiber optic,2,1,1,0,Male,0,0,1,13-24,1,0.1,0,0.19,0.19448605,0,0,56.5839
5,62.9,Two year,Bank transfer,Fiber optic,1,1,1,0,Female,1,0,1,04-Jun,0,0.2,0,0.1,0.123690541,0,0,18.87
7,66.99,Month-to-month,Bank transfer,Fiber optic,2,1,0,0,Male,0,0,1,07-Dec,0,0.285714286,0,0.26,0.323725447,0,0,52.2522
9,102.26,Month-to-month,Mailed check,Fiber optic,4,2,1,0,Male,0,0,1,07-Dec,1,0.444444444,0,0.68,0.493586194,1,0,208.6104
5,67.19,Two year,Electronic check,DSL,0,1,1,0,Female,0,0,1,04-Jun,0,0,0,0.17,0.124281131,0,0,34.2669
16,44.61,Month-to-month,Bank transfer,Fiber optic,1,1,0,1,Male,0,0,0,13-24,0,0.0625,0,0.12,0.113093051,0,0,16.0596
27,117.19,Month-to-month,Electronic check,Fiber optic,0,2,1,0,Male,1,0,1,25-60,1,0,0,0.55,0.381186796,1,0,193.3635
49,89.86,Month-to-month,Bank transfer,Fiber optic,1,1,1,0,Female,1,0,0,25-60,1,0.020408163,0,0.21,0.151786392,0,0,56.6118
6,77.91,One year,Mailed check,DSL,1,2,0,0,Female,1,0,0,04-Jun,0,0.166666667,0,0.17,0.18578808,0,0,39.7341
2,23.11,Month-to-month,Electronic check,DSL,0,2,1,0,Male,1,0,1,0-3,0,0,0,0.03,0.059629333,0,0,2.0799
4,54.65,Month-to-month,Credit card,Fiber optic,1,3,1,0,Female,0,1,1,04-Jun,0,0.25,0,0.21,0.1946648,0,0,34.4295
1,99.16,Month-to-month,Bank transfer,Fiber optic,2,1,1,0,Female,0,0,1,0-3,1,2,1,0.6,0.556044216,1,1,178.488
8,102.09,One year,Credit card,DSL,2,1,1,0,Male,0,0,1,07-Dec,1,0.25,0,0.41,0.272157328,0,0,125.5707
6,72.86,One year,Mailed check,DSL,2,1,0,0,Male,1,0,0,04-Jun,0,0.333333333,0,0.19,0.150275193,0,0,41.5302
3,76.38,Month-to-month,Bank transfer,Fiber optic,1,2,1,0,Male,1,1,0,0-3,0,0.333333333,0,0.17,0.206881844,0,0,38.9538
2,108.43,Month-to-month,Electronic check,No,2,1,1,0,Female,0,0,0,0-3,1,1,0,0.5,0.494823686,0,0,162.645
2,74.29,One year,Bank transfer,DSL,3,1,0,0,Female,1,1,1,0-3,0,1.5,0,0.26,0.345087073,0,0,57.9462
13,119.07,One year,Mailed check,DSL,2,2,1,0,Female,0,0,0,13-24,1,0.153846154,1,0.3,0.307992072,0,0,107.163
0,37.87,One year,Mailed check,Fiber optic,1,1,1,0,Male,0,0,1,0-3,0,1,0,0.07,0.050300967,0,0,7.9527
4,107.07,One year,Credit card,Fiber optic,3,1,1,0,Female,1,0,0,04-Jun,1,0.75,0,0.46,0.327423961,0,0,147.7566
11,63.66,Month-to-month,Bank transfer,Fiber optic,6,3,0,0,Female,1,0,0,07-Dec,0,0.545454545,1,0.52,0.37630511,1,0,99.3096
23,96.12,Month-to-month,Mailed check,No,0,1,1,0,Female,1,0,1,13-24,1,0,0,0.26,0.273678384,0,0,74.9736
18,63.82,Two year,Mailed check,No,1,3,0,0,Male,1,1,0,13-24,0,0.055555556,0,0.21,0.093976385,0,0,40.2066
1,91.44,Two year,Mailed check,DSL,2,2,0,0,Male,1,0,1,0-3,1,2,1,0.68,0.455176576,1,0,186.5376
12,45.34,One year,Credit card,Fiber optic,1,1,1,1,Male,0,0,0,07-Dec,0,0.083333333,0,0.07,0.032686229,0,0,9.5214
8,22.53,Month-to-month,Electronic check,No,2,2,0,0,Male,0,0,0,07-Dec,0,0.25,0,0.06,0.067631147,0,0,4.0554
2,65.58,Month-to-month,Electronic check,No,0,2,0,0,Female,1,1,1,0-3,0,0,0,0.4,0.345317988,0,0,78.696
6,45.04,One year,Credit card,DSL,0,2,0,0,Male,0,0,0,04-Jun,0,0,0,0.13,0.064403002,0,0,17.5656
1,84.38,Month-to-month,Electronic check,No,0,2,1,0,Male,0,1,1,0-3,0,0,0,0.24,0.278213852,0,0,60.7536
24,58.07,Two year,Credit card,DSL,4,1,1,0,Female,0,0,0,13-24,0,0.166666667,0,0.08,0.091583174,0,0,13.9368
52,71.8,Month-to-month,Credit card,Fiber optic,1,2,0,0,Female,1,1,0,25-60,0,0.019230769,0,0.08,0.169481661,0,0,17.232
16,89.37,Two year,Credit card,Fiber optic,2,1,1,0,Female,0,0,0,13-24,0,0.125,0,0.23,0.185608945,0,0,61.6653
14,162.31,Month-to-month,Mailed check,Fiber optic,0,2,1,0,Female,1,1,1,13-24,1,0,1,0.63,0.798514028,1,1,306.7659
6,36.5,Month-to-month,Credit card,Fiber optic,0,1,1,0,Female,1,0,1,04-Jun,0,0,0,0.11,0.097693753,0,0,12.045
5,40.96,One year,Bank transfer,Fiber optic,3,1,1,0,Female,1,0,1,04-Jun,0,0.6,0,0.1,0.068974954,0,0,12.288
3,78.19,Month-to-month,Credit card,No,1,1,0,0,Female,1,0,0,0-3,0,0.333333333,0,0.5,0.403084433,0,0,117.285
5,16.13,One year,Electronic check,Fiber optic,0,2,1,0,Male,0,0,0,04-Jun,0,0,0,0.02,0.01240061,0,0,0.9678
12,102.48,One year,Bank transfer,Fiber optic,1,1,0,0,Female,1,0,1,07-Dec,1,0.083333333,0,0.31,0.3945248,0,0,95.3064
12,46,Month-to-month,Mailed check,DSL,3,1,1,0,Male,1,0,1,07-Dec,0,0.25,0,0.12,0.111803267,0,0,16.56
1,72.17,Month-to-month,Electronic check,No,4,2,0,0,Male,1,1,1,0-3,0,4,0,0.44,0.457657528,0,0,95.2644
8,39.5,Month-to-month,Electronic check,Fiber optic,0,2,1,0,Male,0,0,0,07-Dec,0,0,0,0.01,0.04923799,0,0,1.185
3,66.81,Two year,Bank transfer,No,0,2,0,0,Female,1,1,1,0-3,0,0,0,0.26,0.237721293,0,0,52.1118
5,119.22,Month-to-month,Bank transfer,Fiber optic,3,1,0,0,Female,1,1,1,04-Jun,1,0.6,1,0.48,0.807920355,0,1,171.6768
4,104.77,Month-to-month,Bank transfer,DSL,0,2,0,0,Male,1,0,0,04-Jun,1,0,0,0.56,0.488255983,1,0,176.0136
1,66.96,Two year,Mailed check,DSL,3,1,1,0,Male,0,0,1,0-3,0,3,0,0.19,0.173386712,0,0,38.1672
3,66.3,Month-to-month,Electronic check,Fiber optic,1,1,1,0,Female,1,0,1,0-3,0,0.333333333,0,0.19,0.250110949,0,0,37.791
22,54.21,Month-to-month,Bank transfer,No,2,2,0,0,Female,0,0,1,13-24,0,0.090909091,0,0.3,0.215241309,0,0,48.789
18,34.48,One year,Electronic check,Fiber optic,2,1,0,0,Male,1,0,1,13-24,0,0.111111111,0,0.04,0.056353522,0,0,4.1376
15,72.34,Month-to-month,Bank transfer,Fiber optic,0,3,1,0,Female,1,0,1,13-24,0,0,1,0.35,0.183807419,0,0,75.957
7,51.77,One year,Bank transfer,DSL,2,1,1,0,Male,0,0,1,07-Dec,0,0.285714286,0,0.05,0.061889484,0,0,7.7655
0,76.53,Two year,Electronic check,No,2,2,0,0,Female,1,0,1,0-3,0,2,0,0.25,0.348690901,0,0,57.3975
